AKT1_dna.fasta,ATGTCAGATGTTGCTATAGTAAAAGAAGGATGGCTGCACAAACGTGGTGAATACATTAAGACCTGGCGTCCGCGTTATTTTCTGTTAAAGAATGATGGTACTTTCATTGGTTATAAAGAGCGCCCGCAAGACGTTGACCAGCGTGAAGCGCCGCTGAATAACTTTAGCGTTGCTCAATGTCAGCTGATGAAGACGGAACGTCCACGCCCAAATACCTTTATCATTCGTTGTCTGCAATGGACCACGGTGATCGAACGGACCTTCCACGTGGAAACCCCGGAGGAGCGCGAAGAGTGGACCACCGCGATCCAGACCGTAGCGGATGGCTTGAAGAAGCAAGAAGAGGAAGAGATGGATTTTCGTTCCGGCTCGCCGAGCGATAACTCCGGTGCTGAAGAGATGGAGGTCAGCCTGGCAAAACCGAAACACCGCGTCACCATGAACGAATTCGAATACCTGAAGTTGTTAGGCAAAGGCACATTCGGCAAAGTTATCTTGGTTAAAGAGAAGGCGACCGGTCGTTACTATGCCATGAAAATCCTGAAAAAGGAGGTGATCGTGGCGAAGGACGAAGTTGCCCATACCCTGACCGAGAATCGCGTGCTGCAAAACTCTCGTCATCCGTTCCTGACGGCTCTGAAGTATAGCTTTCAGACCCATGATAGACTTTGCTTTGTTATGGAGTACGCTAATGGTGGCGAACTGTTCTTTCACCTGTCAAGAGAACGCGTTTTTTCCGAAGATCGTGCGCGTTTTTACGGCGCAGAGATCGTGTCGGCGTTGGACTACCTTCACAGCGAGAAGAACGTGGTGTATCGTGATCTGAAGCTGGAAAACCTGATGCTGGATAAAGACGGCCATATTAAAATTACTGACTTCGGTCTCTGCAAAGAGGGCATCAAGGACGGTGCTACCATGAAAACGTTCTGCGGTACTCCGGAGTACCTCGCACCGGAGGTGCTGGAAGACAACGATTACGGTCGCGCAGTGGACTGGTGGGGTTTGGGAGTTGTCATGTATGAAATGATGTGCGGCCGTTTACCGTTCTATAACCAGGATCATGAAAAGTTGTTCGAGCTGATTCTGATGGAAGAAATCCGTTTCCCACGCACCCTGGGTCCGGAAGCAAAGTCCCTGCTGAGCGGTTTGTTGAAGAAGGACCCGAAGCAACGTCTGGGGGGTGGTAGTGAGGACGCCAAAGAGATCATGCAGCACCGTTTCTTCGCGGGTATCGTTTGGCAGCACGTTTACGAAAAAAAACTGAGCCCTCCGTTCAAACCGCAGGTTACGAGCGAAACCGATACCCGTTACTTTGATGAGGAGTTCACCGCGCAGATGATTACCATTACGCCGCCTGATCAGGACGACTCTATGGAGTGCGTGGACAGCGAGCGCCGTCCGCATTTTCCGCAATTTAGCTATTCTGCGAGCGGCACCGCGTAA
BIRC5_dna.fasta,ATGGGAGCACCTACACTACCCCCAGCTTGGCAACCGTTCCTGAAAGATCATCGTATTAGCACGTTTAAGAACTGGCCATTCTTGGAAGGCTGCGCCTGCACCCCGGAACGCATGGCTGAAGCGGGTTTTATCCATTGTCCGACCGAAAATGAACCGGACCTGGCGCAGTGTTTTTTCTGCTTCAAAGAGTTAGAGGGCTGGGAACCGGACGACGACCCGATTGGTCCGGGTACTGTCGCATACGCATGCAATACCTCCACCCTGGGCGGCCGTGGTGGCCGCATCACCCGTGAAGAGCACAAAAAGCACAGCAGCGGTTGCGCGTTTCTGTCTGTTAAAAAGCAATTTGAGGAGTTGACCCTGGGTGAATTCCTTAAGCTGGATCGTGAGCGCGCTAAAAACAAAATCGCCAAAGAGACGAACAACAAGAAGAAGGAGTTCGAGGAAACCGCGGAGAAAGTGCGTCGTGCGATTGAACAGCTGGCGGCAATGGATTAA
BRAF1_dna.fasta,ATGGCAGCTCTATCAGGTGGAGGCGGAGGGGGCGCGGAACCGGGTCAAGCCCTTTTCAACGGCGACATGGAACCGGAGGCCGGTGCAGGCGCGGGCGCTGCTGCGAGCAGTGCTGCCGATCCGGCGATTCCGGAAGAAGTTTGGAATATCAAGCAGATGATTAAACTGACGCAAGAACACATTGAAGCTCTCCTGGACAAGTTCGGTGGTGAGCACAACCCGCCGTCAATCTATTTGGAGGCATATGAAGAGTACACCAGCAAACTGGATGCACTGCAGCAACGTGAGCAACAGTTGCTCGAGAGCCTGGGTAATGGCACCGACTTTTCCGTGAGCTCCTCCGCTAGCATGGATACTGTTACCAGCAGCAGCAGCAGCTCTCTGTCCGTACTCCCGAGCTCTCTGTCTGTGTTCCAAAACCCGACAGACGTTGCAAGAAGCAACCCGAAATCGCCGCAGAAACCGATTGTTCGTGTTTTTCTGCCGAATAAACAGCGTACCGTCGTGCCGGCTCGCTGCGGTGTTACCGTGCGTGACAGCTTAAAAAAAGCGCTGATGATGCGCGGCCTGATTCCCGAGTGCTGCGCTGTGTATCGTATTCAGGATGGTGAGAAGAAGCCGATCGGCTGGGATACCGATATCAGCTGGCTGACGGGTGAGGAGTTGCACGTTGAAGTCCTGGAGAATGTTCCGCTGACGACCCATAATTTTGTTAGAAAGACCTTTTTTACCCTGGCGTTTTGTGATTTCTGCCGTAAACTGTTATTCCAAGGTTTCCGTTGCCAGACCTGTGGTTACAAGTTCCATCAGCGCTGCAGCACTGAAGTGCCGCTGATGTGCGTTAATTATGACCAGTTGGACTTGTTGTTCGTGTCCAAGTTCTTCGAGCACCACCCGATTCCGCAAGAGGAGGCAAGCTTAGCTGAGACCGCGCTGACGTCTGGCTCTTCTCCGAGCGCGCCAGCGAGCGACAGCATCGGTCCGCAGATCTTGACGTCTCCGAGCCCGTCCAAGAGCATCCCAATACCGCAGCCGTTTCGTCCTGCGGATGAGGACCACCGCAACCAGTTTGGTCAACGTGATAGAAGCTCCAGCGCGCCTAATGTGCACATTAACACCATTGAGCCGGTGAACATCGACGACCTGATCCGTGACCAGGGTTTCCGCGGCGACGGCGGAAGCACCACCGGCTTAAGCGCCACCCCACCGGCTAGCTTGCCGGGTTCACTGACGAACGTGAAGGCGTTGCAAAAAAGCCCAGGTCCGCAGCGGGAACGTAAGAGCTCCTCTAGCTCAGAAGATCGTAATCGCATGAAAACGCTGGGCCGTCGTGACTCCAGCGATGATTGGGAAATTCCCGACGGCCAAATCACCGTGGGTCAGCGCATCGGTAGTGGCAGTTTTGGCACCGTATACAAAGGTAAATGGCATGGTGACGTGGCGGTTAAGATGCTGAACGTTACTGCGCCGACCCCGCAACAACTGCAGGCATTTAAAAACGAAGTCGGTGTTCTGCGCAAGACGCGTCATGTTAACATCCTGCTCTTCATGGGTTACTCCACCAAACCGCAATTGGCGATCGTGACCCAGTGGTGTGAAGGTAGCTCCCTCTACCATCACCTGCACATTATCGAGACAAAATTCGAGATGATTAAGCTGATCGACATCGCCCGTCAGACCGCGCAGGGCATGGATTATCTGCACGCAAAGTCGATCATCCACAGAGACCTCAAATCCAATAACATCTTCCTGCATGAAGACCTGACCGTGAAGATTGGCGATTTCGGTCTGGCGACCGTCAAATCTCGTTGGAGTGGCAGCCATCAGTTTGAACAGTTATCTGGCTCTATTCTGTGGATGGCACCGGAGGTGATTCGCATGCAGGATAAAAACCCATACAGCTTTCAAAGCGATGTCTACGCCTTCGGCATTGTTCTGTACGAGTTGATGACCGGTCAGCTGCCGTATAGCAACATCAACAACCGCGATCAGATCATCTTTATGGTTGGTCGTGGTTATCTGTCCCCGGATCTGTCCAAGGTGCGCTCCAACTGCCCGAAAGCCATGAAGCGCCTCATGGCGGAGTGCCTGAAAAAGAAGCGTGATGAACGTCCGCTGTTTCCGCAAATTCTGGCGAGCATCGAACTGTTGGCGCGCTCTCTTCCAAAGATCCATCGTTCCGCGTCCGAACCGTCGTTGAATCGTGCAGGTTTTCAAACCGAAGACTTCAGTCTGTACGCATGTGCTAGCCCGAAGACGCCTATTCAAGCCGGTGGTTACGGCGCGTTCCCGGTTCACTAA
CAV1_dna.fasta,ATGTCAGGGGGAAAATATGTAGATAGTGAAGGCCACCTGTATACCGTGCCGATCCGTGAACAGGGTAATATTTACAAACCGAACAACAAGGCTATGGCGGATGAGTTGTCTGAAAAGCAGGTTTATGATGCGCATACGAAGGAGATCGACCTGGTTAATCGTGATCCGAAACACTTGAATGATGACGTGGTGAAAATCGACTTCGAGGACGTCATTGCTGAACCGGAAGGCACCCATAGCTTTGATGGTATCTGGAAGGCGTCCTTCACGACCTTTACTGTTACCAAGTACTGGTTTTACCGCCTGCTGTCCGCGTTGTTCGGCATCCCGATGGCGCTGATTTGGGGTATCTATTTCGCAATTCTGTCGTTCTTACACATCTGGGCAGTTGTCCCATGCATCAAAAGCTTTCTTATTGAAATTCAATGTATTAGCCGTGTTTACAGCATCTACGTGCATACCGTATGCGACCCGCTGTTCGAGGCCGTTGGTAAAATTTTTAGCAACGTGCGCATCAACCTGCAAAAAGAGATCTAA
CD80_dna.fasta,ATGGCTTGCAATTGTCAGCTAATGCAAGATACGCCGCTGCTTAAGTTCCCGTGCCCGCGTCTGATTCTCTTGTTTGTTTTGTTGATCCGTCTGTCGCAAGTTAGCTCTGACGTTGATGAGCAACTGAGTAAAAGCGTGAAGGACAAGGTGCTGCTGCCGTGTCGTTATAACTCCCCGCATGAAGACGAGAGCGAAGACCGTATTTATTGGCAGAAGCACGATAAGGTCGTCTTATCCGTTATTGCGGGTAAACTGAAAGTGTGGCCAGAGTATAAAAACCGCACCTTATATGACAATACCACCTACAGCCTGATCATCCTGGGTCTGGTGTTGTCTGACCGCGGTACGTACAGCTGTGTAGTTCAGAAAAAAGAAAGAGGCACGTACGAGGTGAAGCACCTGGCCCTGGTGAAACTGTCTATTAAGGCCGACTTCTCCACCCCGAATATTACCGAAAGCGGTAATCCGAGCGCAGATACTAAGCGCATTACGTGCTTTGCATCCGGCGGTTTCCCGAAACCGCGTTTTAGCTGGCTGGAAAATGGTCGTGAACTTCCGGGTATTAACACCACCATCTCGCAAGATCCGGAGTCGGAGTTGTACACCATCTCTTCCCAGCTGGATTTCAACACGACTCGCAACCACACCATCAAATGCTTGATTAAGTACGGCGATGCGCATGTTTCAGAGGACTTCACCTGGGAAAAACCGCCAGAGGACCCGCCTGATAGCAAGAACACCCTGGTACTGTTTGGCGCTGGCTTCGGCGCTGTGATCACCGTTGTGGTCATCGTGGTGATCATCAAGTGCTTTTGTAAACACCGTAGCTGCTTCCGCCGTAACGAAGCGAGCCGTGAGACAAATAACAGCCTTACCTTTGGTCCGGAGGAAGCGCTGGCGGAACAGACCGTTTTCCTGTAA
CDK1_dna.fasta,ATGGAAGATTATACAAAAATTGAGAAGATAGGCGAAGGTACGTACGGCGTGGTGTACAAGGGCCGTCACAAGACCACCGGTCAAGTTGTTGCCATGAAAAAGATCCGTTTGGAGTCGGAGGAGGAGGGCGTTCCGTCAACTGCGATCCGCGAAATTAGCCTGCTCAAAGAGCTGCGTCACCCGAATATTGTGAGCCTGCAAGACGTCTTAATGCAGGACAGCCGCCTGTACTTGATCTTCGAGTTTCTATCTATGGACCTTAAGAAGTACCTGGACTCCATCCCGCCTGGTCAATATATGGATTCGAGCTTGGTGAAAAGCTATTTGTACCAGATTCTGCAAGGTATTGTTTTTTGCCACAGCCGTCGTGTTCTGCATAGAGATCTCAAACCGCAGAACCTGCTGATCGATGACAAAGGCACCATCAAGCTGGCGGATTTTGGTCTGGCGCGTGCGTTTGGCATCCCGATCCGCGTGTATACCCACGAAGTTGTCACCCTGTGGTACCGCTCTCCGGAAGTCTTGCTGGGCAGCGCACGTTATTCTACACCGGTGGATATTTGGAGCATTGGTACCATCTTCGCCGAACTGGCGACCAAAAAGCCACTGTTCCACGGCGATTCCGAGATTGACCAGCTGTTCCGCATTTTCCGTGCTCTGGGTACGCCAAATAACGAAGTTTGGCCGGAGGTGGAATCCCTGCAGGACTACAAGAACACCTTTCCGAAATGGAAACCGGGTTCCTTAGCTAGCCATGTAAAGAACCTGGACGAAAATGGTCTAGACTTGCTCAGCAAAATGCTGATTTATGATCCGGCGAAACGTATCAGTGGTAAAATGGCACTGAATCATCCGTATTTCAACGATCTGGACAACCAGATCAAGAAGATGTAA
CEBPZ_dna.fasta,ATGGCAGCTGTAAAAGAACCCCTAGAGTTTCACGCAAAACGTCCGTGGCGTCCGGAAGAGGCCGTGGAGGACCCGGACGAGGAGGACGAGGACAACACCTCCGAGGCGGAAAACGGTTTTAGCCTTGAGGAGGTGTTGCGCCTGGGTGGCACCAAGCAAGATTACCTGATGCTGGCCACCCTGGATGAGAACGAAGAAGTGATCGATGGTGGTAAAAAGGGGGCAATCGACGATCTGCAGCAGGGCGAACTTGAGGCGTTTATTCAGAATCTGAATCTGGCTAAATACACCAAAGCTAGCCTGGTGGAGGAAGACGAGCCGGCAGAGAAAGAAAACAGCTCGAAGAAAGAGGTGAAAATCCCGAAGATCAACAACAAGAACACTGCCGAAAGCCAACGTACCTCAGTGAATAAAGTGAAGAACAAAAACCGTCCGGAGCCGCATAGCGATGAGAATGGTAGCACTACACCGAAAGTGAAGAAGGATAAACAAAACATCTTTGAATTTTTCGAGCGTCAGACCTTATTGTTGAGACCAGGTGGTAAATGGTACGACCTGGAGTATTCAAATGAATACTCGCTGAAGCCGCAACCGCAGGATGTGGTGTCCAAGTACAAAACTCTTGCGCAAAAATTATATCAGCATGAAATTAATTTATTCAAGTCCAAGACCAATAGCCAAAAGGGCGCGAGCAGCACCTGGATGAAAGCGATTGTTAGCTCTGGTACGTTGGGCGACCGTATGGCGGCAATGATTCTGTTGATCCAGGACGACGCTGTGCACACCCTACAATTTGTGGAAACCCTCGTTAACCTGGTGAAGAAAAAGGGCTCGAAGCAACAATGTCTGATGGCACTGGATACCTTTAAAGAGCTGCTGATTACCGACCTGCTGCCGGATAATCGCAAGCTGCGCATTTTTTCTCAGCGTCCGTTTGATAAATTGGAGCAGCTGTCCTCGGGCAATAAGGACAGCCGTGATCGCCGTCTGATCCTGTGGTATTTCGAGCACCAGCTGAAACACCTCGTCGCTGAGTTCGTGCAGGTGTTGGAAACGTTATCCCACGATACCCTTGTCACCACCAAAACCCGTGCATTGACCGTTGCGCATGAATTGCTGTGTAATAAACCAGAAGAAGAGAAGGCTTTGCTGGTTCAGGTTGTCAACAAATTAGGCGATCCACAGAACCGCATCGCCACCAAGGCGAGCCACCTGCTGGAAACATTGCTGTGTAAACACCCGAACATGAAAGGCGTTGTCTCCGGCGAAGTGGAACGTCTGCTATTCCGTAGCAATATCAGCTCTAAGGCGCAGTACTACGCGATTTGCTTTCTGAACCAGATGGCTCTGTCCCACGAAGAGTCCGAACTGGCGAACAAGCTGATCACCGTGTACTTCTGCTTCTTCCGCACGTGCGTTAAAAAGAAGGACGTTGAATCTAAAATGCTCTCCGCCCTGCTGACCGGAGTGAACCGCGCATATCCGTATAGCCAAACCGGTGATGACAAAGTTCGTGAACAGATTGACACGCTTTTCAAAGTCCTGCATATTGTAAACTTTAACACGTCCGTGCAGGCGCTAATGCTTCTTTTCCAGGTTATGAATAGCCAACAGACGATTAGCGATCGTTATTACACTGCGCTGTACCGCAAAATGCTGGACCCGGGTCTTATGACCTGCAGCAAACAAGCAATGTTCCTGAACCTGGTCTACAAAAGCCTCAAGGCAGATATCGTCCTGCGTAGAGTTAAGGCGTTTGTTAAGCGTCTACTGCAAGTTACCTGCCAGCAAATGCCTCCGTTTATCTGCGGTGCGCTGTACCTGGTCAGCGAGATCCTTAAAGCCAAACCGGGTCTGCGTAGCCAGCTGGACGATCATCCGGAATCGGACGACGAAGAGAACTTTATCGATGCGAATGATGACGAGGATATGGAAAAGTTTACGGACGCGGATAAAGAGACGGAAATCGTGAAGAAGTTAGAGACCGAAGAAACGGTGCCAGAAACGGACGTAGAGACTAAAAAGCCGGAGGTAGCCTCCTGGGTGCACTTTGACAATCTCAAAGGTGGCAAACAACTGAACAAGTACGACCCATTTAGCCGTAATCCGTTGTTTTGTGGTGCGGAGAACACTTCACTGTGGGAACTGAAGAAACTGTCGGTTCACTTCCACCCGAGCGTGGCTCTGTTTGCGAAGACCATCCTGCAAGGTAACTATATTCAGTATTCTGGCGACCCCCTGCAGGATTTCACCCTGATGCGTTTTCTGGACCGCTTCGTTTATCGTAATCCGAAACCGCATAAAGGCAAAGAAAACACCGACAGCGTTGTGATGCAGCCGAAGCGCAAGCACTTCATCAAAGATATCCGTCATTTGCCGGTTAATAGCAAAGAATTCCTAGCAAAAGAAGAGTCCCAAATCCCGGTTGACGAGGTTTTTTTCCATCGTTATTACAAGAAGGTGGCAGTGAAGGAGAAACAGAAACGAGATGCGGATGAGGAGTCTATTGAAGATGTTGATGACGAAGAGTTCGAAGAGCTGATCGATACGTTCGAAGATGACAACTGCTTCAGCTCTGGCAAAGACGATATGGACTTCGCGGGTAATGTTAAAAAGCGGACCAAGGGTGCGAAAGATAACACGCTGGATGAAGACAGCGAAGGTTCTGACGACGAGCTGGGCAACTTGGACGACGATGAGGTGAGCCTGGGTAGCATGGATGATGAGGAGTTCGCGGAAGTTGACGAGGACGGCGGCACCTTTATGGACGTTCTGGACGACGAATCCGAATCGGTTCCGGAGTTGGAAGTCCACAGCAAGGTGAGCACCAAGAAGAGCAAGCGCAAGGGCACCGACGATTTCGACTTCGCCGGTAGTTTTCAAGGTCCGCGTAAAAAGAAACGCAACCTAAACGATAGCAGCTTGTTCGTGAGCGCTGAGGAATTCGGCCATCTGCTGGACGAGAACATGGGTAGCAAATTCGATAATATTGGTATGAACGCTATGGCGAACAAAGACAACGCGAGCTTGAAGCAACTGCGCTGGGAAGCGGAGCGTGACGACTGGCTGCATAACCGTGATGCCAAGAGTATCATTAAAAAGAAAAAGCACTTCAAAAAGAAGCGCATTAAAACCACCCAGAAGACCAAGAAACAACGTAAGTAA
CLN3_dna.fasta,ATGGGAGGTTGTGCTGGGTCACGAAGAAGGTTCAGCGACAGCGAAGGTGAGGAGACAGTTCCGGAGCCGCGTCTGCCGCTGCTGGACCACCAGGGTGCGCATTGGAAAAACGCGGTGGGCTTCTGGCTGCTGGGTCTTTGCAACAACTTTAGCTACGTGGTGATGCTGTCTGCCGCGCACGACATCTTGAGCCACAAGCGCACCTCTGGCAACCAATCCCATGTTGATCCGGGCCCGACCCCGATTCCGCATAACAGCTCCTCACGCTTTGATTGTAATAGTGTTAGCACCGCGGCGGTTCTGCTGGCAGACATCCTGCCGACTCTGGTAATCAAGCTGCTAGCGCCACTGGGCCTGCACCTGTTGCCGTACAGCCCGCGCGTGCTGGTGAGCGGCATTTGTGCAGCTGGTTCCTTCGTCTTGGTAGCATTCAGCCACAGCGTTGGTACTAGCCTGTGCGGTGTGGTGTTCGCTTCCATTAGCTCCGGTTTGGGCGAAGTTACCTTCCTGAGCCTGACGGCGTTTTACCCGCGTGCTGTCATCAGTTGGTGGTCCTCGGGCACGGGTGGTGCGGGTTTGCTCGGCGCGTTGTCTTACCTGGGCCTGACCCAAGCGGGCTTGTCGCCGCAGCAAACCCTGCTCAGCATGCTTGGCATCCCGGCATTGCTGCTGGCCAGCTACTTCCTGCTGCTTACGTCACCGGAGGCCCAAGATCCTGGTGGTGAGGAGGAGGCGGAGTCTGCAGCCCGTCAGCCGCTCATTCGCACCGAAGCGCCAGAGAGCAAACCGGGTTCCTCCTCGAGCCTGAGCCTAAGAGAACGTTGGACCGTTTTTAAAGGTCTGCTGTGGTACATTGTTCCGTTAGTTGTGGTGTATTTCGCCGAATATTTTATCAACCAAGGTCTGTTTGAACTGTTATTCTTTTGGAATACCAGCTTGTCGCACGCGCAGCAGTATCGTTGGTACCAGATGCTGTACCAAGCAGGCGTGTTCGCGAGCCGTAGCTCCCTGCGCTGCTGCCGTATTCGTTTTACCTGGGCATTGGCTCTACTGCAGTGTCTCAATCTGGTATTCTTATTGGCGGATGTTTGGTTTGGTTTTCTTCCGAGCATCTATCTGGTCTTCCTGATCATCCTGTATGAAGGCCTTCTGGGAGGCGCTGCGTATGTTAATACCTTCCATAACATTGCTTTGGAAACCTCTGACGAACATCGTGAGTTCGCTATGGCCGCGACGTGCATTTCTGACACCCTGGGCATCAGCCTGTCTGGTTTGCTAGCCCTGCCCCTTCACGATTTTTTATGCCAGCTGTCGTAA
CREB1_dna.fasta,ATGACAATGGAGTCAGGAGCTGAAAATCAACAAAGCGGCGATGCGGCGGTGACCGAAGCAGAGAACCAGCAGATGACCGTCCAAGCGCAGCCGCAGATCGCGACCTTAGCGCAAGTGAGCATGCCGGCTGCCCATGCAACCAGCAGTGCACCGACCGTTACTTTGGTGCAACTGCCAAATGGTCAGACCGTGCAAGTCCACGGCGTGATCCAAGCGGCTCAACCGAGCGTTATCCAGAGCCCGCAGGTTCAAACAGTGCAGATCAGCACCATCGCGGAGTCCGAAGATTCGCAGGAGTCTGTCGATAGCGTGACTGACTCTCAGAAACGCCGTGAGATCCTGAGCCGTCGTCCGTCCTACCGTAAGATTTTGAACGACCTGAGCTCGGACGCTCCGGGGGTGCCACGTATTGAAGAGGAGAAAAGCGAAGAAGAAACCTCAGCTCCGGCCATTACCACGGTTACCGTGCCGACCCCGATTTATCAAACGTCCAGCGGCCAGTACATCGCGATCACCCAAGGTGGTGCAATCCAGCTCGCGAACAACGGCACCGACGGCGTTCAAGGTCTGCAGACGTTGACCATGACGAATGCAGCGGCTACCCAACCGGGTACGACCATTCTTCAGTATGCGCAGACGACCGACGGCCAACAGATTCTGGTCCCGTCTAATCAGGTTGTTGTGCAAGCCGCCTCCGGTGATGTTCAAACGTACCAGATCCGTACCGCTCCTACTTCCACCATTGCACCGGGTGTGGTTATGGCAAGCTCTCCGGCGCTGCCGACCCAGCCGGCAGAAGAGGCCGCCCGCAAGCGCGAGGTGCGTCTGATGAAAAACCGCGAAGCGGCTCGTGAGTGTAGACGCAAGAAGAAAGAATATGTTAAATGCCTGGAAAACCGTGTTGCGGTACTGGAAAACCAGAATAAGACCCTGATTGAGGAGCTGAAGGCGCTGAAAGATTTGTACTGCCACAAAAGCGACTAA
CSNK1A1_dna.fasta,ATGGCTAGCTCATCTGGAAGTAAAGCAGAATTCATCGTGGGTGGCAAATACAAACTGGTTCGTAAAATCGGCAGTGGCTCTTTCGGCGATATCTATCTCGCGATTAACATTACCAATGGTGAAGAGGTCGCAGTTAAACTTGAATCTCAGAAGGCACGTCATCCGCAGCTGCTGTATGAGTCGAAATTGTACAAGATTCTGCAGGGTGGCGTTGGTATCCCGCATATTCGTTGGTATGGTCAAGAAAAAGATTACAACGTGCTGGTGATGGATTTGCTGGGTCCGAGCTTGGAGGACCTGTTCAACTTCTGCAGCCGTCGCTTCACCATGAAAACCGTATTAATGCTGGCTGACCAGATGATCAGCCGCATCGAGTACGTGCACACCAAGAACTTTATTCACCGTGACATCAAACCCGACAACTTTCTGATGGGTATCGGTCGTCACTGTAATAAACTGTTCCTTATCGATTTTGGTTTGGCGAAAAAGTACCGCGACAACCGTACCCGCCAACACATTCCGTATCGGGAAGACAAAAACCTGACCGGAACCGCACGTTATGCGAGCATTAACGCCCACCTGGGCATCGAGCAGTCAAGACGTGACGACATGGAATCCCTCGGCTATGTGTTGATGTACTTTAATCGCACCAGCCTGCCGTGGCAGGGCCTCAAGGCGGCCACTAAGAAACAAAAGTACGAGAAGATCAGCGAAAAGAAGATGAGCACCCCGGTTGAAGTTTTATGCAAAGGTTTTCCGGCGGAATTTGCAATGTATCTGAACTACTGCCGTGGTCTGAGATTCGAGGAGGCTCCGGACTACATGTACCTGCGTCAACTGTTCCGCATTTTGTTCCGTACTCTGAATCATCAGTACGATTATACCTTTGATTGGACGATGCTCAAGCAAAAAGCTGCCCAACAGGCGGCGTCCTCTTCCGGCCAAGGCCAGCAAGCGCAGACACCAACGGGTAAGCAGACGGATAAGACCAAAAGCAATATGAAGGGTTTTTAA
EMG1_dna.fasta,ATGGCAGCTCCATCAGATGGATTTAAACCCAGAGAACGTAGCGGTGGCGAGCAGGCACAGGATTGGGACGCGCTGCCTCCGAAACGCCCACGCCTGGGTGCCGGTAACAAAATCGGCGGCCGCCGTCTTATCGTGGTGCTGGAAGGCGCGAGCCTGGAGACGGTTAAAGTTGGCAAGACGTACGAACTGCTCAACTGCGATAAACACAAGTCCATCCTGTTGAAGAACGGCCGTGATCCGGGTGAGGCGCGTCCGGACATCACCCATCAGAGCCTGCTGATGCTGATGGATAGCCCGTTAAACCGTGCGGGTCTGCTGCAAGTTTATATCCACACCCAGAAGAATGTTTTGATTGAGGTCAATCCGCAAACCCGTATTCCGCGTACTTTCGATCGTTTTTGTGGTTTGATGGTCCAGCTGCTGCACAAACTGTCTGTTCGTGCAGCGGACGGTCCGCAAAAGCTGCTTAAGGTGATCAAAAACCCGGTGTCTGACCACTTTCCGGTTGGGTGCATGAAGGTGGGAACCTCGTTCAGCATTCCGGTGGTGTCCGACGTACGCGAGTTGGTGCCGAGCAGCGACCCGATCGTTTTTGTTGTGGGCGCTTTCGCGCATGGTAAGGTCTCAGTCGAATACACCGAAAAAATGGTTTCCATTAGCAATTATCCACTGAGCGCAGCTCTCACGTGCGCCAAATTGACCACCGCGTTCGAGGAAGTTTGGGGTGTAATTTAA
FALVAC-1_dna.fasta,ATGGCTAAACACAAAAAACTAAAGCAACCCGGGGATGGTAACCCGTGGAGTCCGTGTTCCGTTACCTGCGGTAAGCCGAAGGACGAGTTAGACTACGAAAATGATATCGAAAAGAAGATTTGTAAAATGGAAAAGTGCAGCTCCGTGTTCAATGTCGTGAATTCCAACAGCGGTTGTTTTCGTCATCTGGACGAAAGAGAGGAATGCAAGTGCCTGCTGGAGGACAGCGGTAGCAATGGTAAGAAAATCACGTGCGAGTGCACCAAGCCGGATAGCAAACCGATTGTTCAGTACGATAATTTCAACGCCAACCCTAATGCGAACCCGAATGCTAATCCAGACGGCAACTGCGAAGACATCCCGCATGTTAATGAATTTAGCGCAATTGATCTGGGTAACGCGGAAAAGTACGATAAAATGGATGAGCCGCAGCACTATGGTAAGTCTCTCACTCCGCTGGAGGAGTTGTACAAACCGAACGACAAATCTCTTTACCAGTACATCAAGGCCAACAGCAAATTCATCGGCATTACCGAACTGAGCAACACCTTTATCAACAACGCGGGTCAACACGGCCATATGCATGGCAACGAGCGCGAAGACGAGCGCACCCTGACGAAAGAATATGAGGACATCGTTCTGAAAGAGTTCACCTATATGATTAACTTCGGCCGTGGTCAAAACTATTGGGAACACCCGTATCAAAAATCCGATCAACCGAAGCAGTACGAGCAGCACTTGACGGATTACGAGAAGATCAAAGAAGGTAAACCGCTGGACAAATTTGGCAACATTTATGACTACCACTACGAGCACAGCTCGCCAAGCTCAACCAAATCGTCCAGCCCGTCTAACGTGAAATCTGCAAGCTTGGCTACCCGTCTGATGAAAAAGTTCAAAGCGGAAATTCGTGACTTTTTTGGCATCAGCTATTACGAGAAGGTGCTGGCGAAATATAAAGATGATTTGGAA
FGFR4_dna.fasta,ATGAGGCTATTGTTAGCTCTGCTTGGAGTATTGCTCTCCGTTCCGGGTCCGCCGGTTCTGTCCCTAGAAGCGAGCGAGGAGGTTGAGCTGGAACCGTGTCTGGCTCCGTCCTTGGAGCAGCAAGAACAGGAGCTGACGGTTGCCTTGGGCCAACCCGTGCGCCTGTGCTGCGGTCGTGCTGAGCGCGGTGGTCATTGGTATAAAGAAGGCAGTCGTCTGGCGCCGGCGGGTCGCGTTCGTGGCTGGCGTGGCCGTCTTGAGATCGCCAGCTTCCTGCCGGAGGACGCCGGTCGTTACCTATGCTTAGCCCGTGGTTCCATGATTGTGTTGCAAAACCTGACCCTGATCACCGGAGATAGCCTGACCAGCAGCAATGATGATGAAGATCCGAAAAGCCACCGTGACCCATCGAATCGCCACAGCTACCCGCAACAAGCCCCGTACTGGACCCATCCGCAGCGTATGGAAAAAAAGCTTCACGCTGTCCCTGCCGGTAACACTGTCAAGTTTCGTTGTCCGGCGGCAGGTAATCCGACGCCGACCATTCGTTGGTTAAAGGACGGCCAGGCGTTCCACGGCGAAAACCGTATTGGTGGTATCAGGCTAAGACACCAGCATTGGTCTCTGGTCATGGAATCTGTAGTTCCGTCGGACCGGGGCACCTATACGTGCCTGGTTGAGAACGCGGTGGGTTCGATCCGTTATAACTATCTGCTGGACGTGCTTGAGCGAAGCCCGCACCGCCCCATCCTGCAAGCTGGACTCCCGGCGAATACCACGGCTGTGGTTGGTTCCGACGTTGAACTGTTGTGCAAAGTTTATTCTGATGCTCAGCCGCACATTCAGTGGCTGAAGCACATCGTCATCAACGGTTCTTCTTTCGGTGCAGACGGATTTCCGTACGTTCAAGTTCTGAAGACCGCGGATATTAATAGCTCCGAAGTTGAAGTTCTGTACCTGCGCAATGTGAGCGCGGAGGACGCAGGCGAGTATACATGCTTAGCAGGCAACAGCATCGGCCTGTCCTACCAGAGCGCGTGGTTGACCGTGCTGCCGGAAGAAGATCCTACCTGGACGGCAGCGGCGCCCGAGGCGCGCTACACCGATATCATCCTGTACGCAAGCGGTAGCCTGGCGTTGGCGGTGCTGCTCCTGTTAGCGGGTCTGTATCGTGGTCAAGCGCTGCACGGTCGTCACCCGCGTCCACCGGCAACCGTGCAAAAACTGAGCCGTTTCCCGCTGGCGCGCCAGTTCTCCTTGGAAAGCGGTTCAAGCGGTAAGTCGTCGTCTTCGTTAGTGCGTGGCGTACGCTTGTCCAGCAGTGGCCCGGCGCTCCTGGCTGGCCTGGTCAGCTTGGATCTGCCGCTTGACCCGCTGTGGGAATTTCCGCGTGACCGTCTGGTGTTAGGCAAACCGCTGGGTGAAGGTTGTTTTGGTCAAGTGGTGCGTGCTGAGGCCTTTGGCATGGATCCGGCCCGTCCGGACCAGGCATCTACGGTAGCAGTCAAGATGCTGAAAGACAATGCTTCCGACAAGGACCTGGCGGATCTGGTTTCAGAGATGGAAGTGATGAAGCTGATTGGCCGCCACAAAAACATTATCAACCTTTTGGGCGTGTGTACCCAGGAGGGCCCGCTTTATGTGATCGTGGAGTGCGCGGCCAAAGGTAACCTGCGCGAATTCCTGAGAGCGCGGCGTCCCCCGGGTCCGGATCTGTCGCCGGATGGCCCGCGCAGCAGCGAAGGTCCGTTGAGTTTCCCGGTCCTGGTTAGCTGCGCATATCAGGTGGCACGCGGCATGCAGTATCTAGAGTCTCGTAAATGCATTCATCGTGATCTGGCGGCGCGCAACGTGCTGGTCACCGAAGACAACGTTATGAAGATCGCGGATTTTGGCTTGGCCAGAGGCGTGCATCATATTGATTACTATAAAAAAACTAGCAACGGCCGACTGCCGGTTAAGTGGATGGCACCGGAAGCTCTGTTTGATCGCGTTTATACTCACCAATCCGACGTTTGGAGCTTCGGCATTCTGCTGTGGGAAATTTTCACCCTGGGTGGCTCTCCGTACCCGGGTATCCCGGTGGAGGAGTTGTTCAGCTTGCTGCGTGAGGGCCACCGCATGGACCGTCCACCGCATTGTCCGCCAGAGCTCTACGGTCTGATGCGTGAGTGCTGGCATGCCGCGCCATCTCAGCGTCCGACCTTTAAACAGCTGGTTGAGGCGTTGGACAAGGTTCTCCTTGCGGTGAGCGAAGAGTACCTGGACCTACGCCTGACCTTCGGTCCATACAGCCCTAGCGGTGGCGATGCTTCCTCTACCTGCAGCTCTAGCGACAGCGTATTTAGCCATGATCCGCTTCCGCTCGGCTCAAGCTCCTTCCCGTTTGGCAGCGGTGTTCAGACCTAA
FLT1_dna.fasta,ATGGTATCATATTGGGATACAGGAGTTCTATTATGCGCACTGCTGAGCTGCCTGCTGTTGACCGGTAGCAGCTCCGGCTCAAAGCTGAAGGACCCGGAGCTGTCCCTGAAGGGTACGCAGCATATTATGCAGGCAGGTCAGACCCTGCACCTCCAATGTCGTGGCGAAGCCGCGCATAAATGGAGCCTGCCGGAGATGGTGAGCAAAGAGTCTGAGCGTTTGAGCATTACGAAGTCGGCGTGTGGACGTAACGGGAAACAGTTTTGCTCGACCCTTACCTTGAATACCGCCCAGGCCAACCACACCGGCTTTTACAGCTGCAAGTATCTGGCAGTTCCCACGAGCAAGAAGAAGGAGACAGAGTCTGCGATCTATATTTTTATTAGCGACACCGGTCGTCCATTTGTGGAAATGTATAGCGAAATTCCAGAAATCATCCATATGACCGAAGGCCGTGAGCTCGTGATTCCGTGTCGTGTTACCAGTCCGAATATCACCGTAACCCTGAAGAAATTTCCGCTGGACACCCTTATCCCGGATGGTAAACGCATCATCTGGGATTCCCGCAAGGGCTTTATCATTAGCAACGCCACTTATAAGGAGATCGGCTTGCTCACTTGCGAAGCGACGGTAAACGGTCACCTGTATAAAACCAATTATCTAACCCACCGCCAGACCAATACTATCATCGACGTGCAGATTAGCACGCCGCGCCCGGTTAAGCTGCTGCGTGGTCATACCTTGGTTTTGAACTGCACCGCTACGACCCCATTGAACACACGCGTCCAGATGACCTGGAGCTACCCGGACGAAAAGAACAAGCGCGCCAGCGTGAGGCGTCGTATCGACCAGAGCAACAGCCATGCCAATATCTTTTATTCCGTGCTGACCATAGACAAAATGCAAAACAAGGATAAGGGTTTGTACACCTGCCGTGTTCGTAGCGGTCCGAGCTTCAAATCGGTGAACACTAGCGTGCACATCTACGACAAAGCATTCATCACTGTTAAACACCGCAAACAACAAGTCCTGGAAACCGTCGCTGGCAAACGCTCCTACCGTCTGTCCATGAAAGTTAAGGCGTTCCCGAGCCCGGAGGTTGTTTGGCTCAAGGACGGACTGCCGGCGACCGAGAAAAGCGCCCGTTATCTGACTCGTGGCTATAGCCTGATCATCAAGGACGTGACCGAGGAAGACGCTGGCAACTACACCATCCTGCTGTCCATTAAGCAAAGCAACGTTTTTAAGAACCTGACGGCGACCCTCATTGTTAATGTGAAGCCGCAGATTTACGAAAAGGCGGTTTCGTCCTTCCCGGACCCGGCGCTGTACCCGCTGGGTTCTCGTCAGATTCTGACGTGCACTGCGTACGGTATTCCGCAACCGACCATTAAGTGGTTCTGGCACCCATGTAATCACAATCACTCTGAAGCTCGTTGTGATTTTTGCAGTAACAATGAAGAATCATTCATACTGGACGCAGATTCGAACATGGGTAACCGTATTGAATCCATCACCCAAAGAATGGCGATTATTGAGGGCAAAAACAAGATGGCCTCCACCTTGGTCGTGGCGGATAGCCGTATTAGCGGGATCTATATCTGCATCGCCTCGAACAAGGTGGGCACTGTCGGTAGAAATATCTCCTTTTACATCACCGACGTGCCGAATGGTTTCCACGTGAACCTGGAGAAAATGCCGACCGAGGGTGAAGACTTAAAGCTGAGCTGTACGGTTAACAAATTCCTGTACCGCGACGTTACCTGGATCTTGCTGCGTACCGTCAACAATCGTACCATGCATTATAGCATTTCCAAACAAAAAATGGCAATCACCAAAGAACATAGCATCACGCTGAACCTGACGATTATGAATGTGTCTCTGCAGGATTCTGGCACCTACGCATGTCGTGCCCGCAACGTTTATACCGGCGAAGAGATACTCCAGAAAAAGGAGATCACGATTCGTGATCAGGAAGCCCCGTACCTGCTTCGTAATCTGAGCGACCACACCGTAGCGATTAGCTCGTCAACCACCCTGGATTGCCATGCGAACGGCGTTCCGGAACCGCAAATCACCTGGTTTAAGAACAACCACAAAATCCAGCAAGAGCCTGGCATAATCCTCGGCCCGGGTAGCTCCACCTTGTTCATTGAACGCGTGACGGAAGAGGATGAAGGGGTGTACCATTGTAAAGCGACCAATCAGAAAGGCTCCGTTGAGAGTTCTGCGTATCTGACTGTGCAAGGTACCTCTGATAAGTCCAACCTGGAGCTGATCACCCTGACCTGCACCTGCGTTGCTGCTACCCTGTTCTGGCTCTTGCTTACCCTGTTCATCAGGAAGATGAAGCGCAGCAGCAGCGAAATTAAGACCGATTATCTGAGCATAATCATGGATCCGGACGAAGTTCCGTTAGACGAGCAGTGCGAGAGACTTCCATACGACGCGAGCAAATGGGAATTTGCACGTGAGCGTTTAAAACTGGGTAAGAGCCTGGGTCGTGGCGCTTTCGGTAAAGTGGTGCAAGCGTCAGCGTTTGGTATCAAAAAAAGCCCAACCTGTCGCACTGTTGCGGTGAAGATGCTGAAAGAAGGTGCTACCGCGTCCGAGTATAAAGCGTTAATGACCGAATTGAAAATTTTGACCCATATAGGCCACCACCTGAATGTCGTTAATCTGCTGGGTGCGTGCACGAAGCAGGGTGGTCCGTTAATGGTGATCGTGGAATATTGCAAATACGGCAACCTATCTAACTACCTAAAATCGAAACGTGATCTGTTCTTCTTGAACAAGGATGCAGCTCTACACATGGAACCGAAAAAGGAGAAGATGGAACCGGGTCTTGAGCAGGGCAAGAAACCGCGTCTGGACTCTGTCACGTCGAGCGAGTCCTTTGCGTCGAGCGGCTTCCAAGAAGACAAGTCCCTGTCAGATGTTGAAGAAGAGGAAGACAGCGACGGTTTCTACAAGGAACCGATTACGATGGAGGATTTAATCTCGTACAGCTTCCAGGTGGCTCGTGGCATGGAGTTCCTGTCTAGTCGAAAGTGCATTCATCGCGACTTGGCGGCGCGTAACATCTTGCTGAGCGAGAATAACGTGGTTAAGATTTGCGATTTCGGTTTGGCGCGCGATATTTATAAAAATCCGGATTACGTTCGTAAGGGCGACACGCGTCTGCCGTTGAAGTGGATGGCGCCGGAGTCAATCTTTGATAAGATCTACTCAACCAAATCCGATGTGTGGAGCTACGGCGTGCTCCTTTGGGAAATTTTCTCGCTGGGTGGTAGCCCGTATCCGGGTGTTCAAATGGATGAGGACTTTTGCAGCCGTCTGCGCGAGGGTATGCGGATGCGTGCACCTGAGTACAGCACGCCGGAGATCTATCAGATTATGCTGGACTGTTGGCACAGAGACCCGAAAGAACGTCCGCGCTTCGCGGAGCTAGTTGAGAAGTTAGGCGATTTGCTCCAAGCAAATGTTCAACAGGATGGTAAAGACTACATTCCGATTAATGCAATCCTGACCGGGAACAGTGGCTTCACGTACTCTACACCGGCGTTCAGCGAGGACTTCTTTAAAGAATCTATTAGCGCCCCGAAGTTCAACAGCGGCAGTTCAGACGATGTCCGCTACGTGAACGCTTTCAAATTTATGAGCCTGGAACGTATTAAGACCTTTGAAGAACTGCTGCCAAACGCGACCTCTATGTTTGATGACTACCAAGGTGATTCCTCTACCCTGCTAGCATCACCCATGCTGAAACGCTTCACCTGGACCGATTCCAAACCGAAAGCGTCGCTGAAGATTGATCTGCGTGTGACGAGCAAATCGAAAGAGTCCGGTTTGTCCGACGTGAGCCGTCCTAGCTTCTGCCATAGCTCATGTGGCCACGTTAGCGAGGGAAAAAGACGTTTTACCTATGACCACGCCGAACTGGAGCGCAAAATCGCGTGCTGCTCCCCTCCCCCGGACTACAATTCTGTTGTCCTGTACTCTACCCCACCGATCTAA
GSK3B_dna.fasta,ATGAGTGGAAGGCCCAGAACAACTTCATTTGCGGAATCATGTAAACCGGTTCAGCAGCCTAGCGCGTTTGGTTCTATGAAAGTGAGCCGTGACAAGGACGGCTCGAAAGTGACCACCGTGGTTGCCACGCCTGGTCAGGGTCCGGATCGTCCTCAGGAGGTGAGCTATACCGATACTAAGGTGATCGGCAATGGCTCGTTCGGCGTCGTTTACCAAGCGAAGCTGTGCGACTCCGGCGAATTAGTCGCGATCAAGAAGGTGCTGCAGGATAAACGTTTTAAGAACAGAGAGCTGCAAATCATGCGTAAACTGGACCACTGCAACATTGTGCGTCTGCGTTACTTCTTCTATAGCAGCGGCGAGAAAAAAGATGAGGTGTACCTGAACCTGGTTCTGGACTACGTGCCGGAAACCGTCTACCGTGTGGCCCGTCACTATAGTCGCGCTAAGCAAACCCTGCCGGTGATCTATGTCAAGCTTTATATGTACCAATTGTTTCGCAGCCTGGCGTATATCCACAGCTTCGGTATTTGCCATCGTGACATCAAGCCGCAGAATCTGCTACTGGATCCGGATACCGCCGTTCTGAAATTGTGCGATTTTGGCAGCGCTAAACAATTGGTACGTGGTGAACCGAACGTTTCCTACATCTGCAGCCGCTACTATCGTGCGCCAGAACTGATCTTCGGCGCGACTGACTACACTTCGAGCATTGATGTTTGGTCTGCCGGTTGTGTTTTGGCTGAATTGCTGTTAGGCCAACCGATTTTCCCGGGTGACAGCGGTGTTGATCAGTTGGTTGAAATTATCAAGGTTTTGGGTACTCCGACCCGTGAGCAGATCAGAGAGATGAATCCGAACTACACCGAGTTTAAATTTCCACAAATCAAAGCGCATCCGTGGACCAAGGACAGCAGCGGCACCGGTCACTTCACCAGCGGTGTTCGCGTTTTTCGTCCGCGTACCCCCCCGGAAGCAATTGCACTTTGCAGCCGCCTGCTTGAGTATACGCCGACGGCTCGCCTGACCCCGCTGGAGGCGTGTGCGCACTCCTTCTTCGATGAACTCCGCGACCCGAATGTCAAGCTGCCGAATGGCCGTGACACCCCGGCACTATTCAACTTTACCACCCAAGAGTTGAGCTCCAACCCGCCGCTGGCAACGATTCTGATTCCGCCGCATGCGCGGATTCAGGCGGCGGCGTCTACCCCAACAAATGCGACGGCGGCTTCCGATGCAAATACCGGTGACAGAGGTCAGACCAACAACGCCGCTTCCGCATCTGCGTCTAACAGCACGTAA
HPDF_dna.fasta,GAAGGACCCGCTCTAGGGAGGTCATATTGGCGTCATCTGCGTCGCCTTGTCCTGGGTCCGCCTGAGCCGCCTTTCTCCCACGTGTGCCAAGTGGGCGATCCGGTTTTGCGCGGCGTGGCTGCACCGGTTGAACGTGCACAGCTGGGCGGTCCGGAGCTGCAACGTCTCACGCAGCGTTTGGTCCAAGTAATGCGTCGCCGGCGCTGCGTTGGCTTAAGCGCGCCACAGCTGGGCGTTCCGCGTCAAGTGCTGGCGTTGGAACTGCCGGAGGCGCTGTGTCGTGAGTGCCCGCCGCGTCAAAGAGCCTTACGCCAAATGGAACCGTTTCCGCTGCGCGTGTTCGTGAACCCGAGCCTGCGTGTTCTGGATTCTCGTCTGGTTACCTTTCCGGAGGGTTGCGAGAGCGTTGCGGGTTTCTTGGCATGTGTCCCACGTTTTCAGGCTGTGCAGATTAGCGGTCTGGACCCGAATGGTGAACAGGTTGTTTGGCAGGCCTCCGGTTGGGCGGCGCGTATTATCCAGCATGAAATGGACCACTTGCAAGGCTGCCTGTTTATCGATAAAATGGACTCGCGCACCTTCACCAACGTGTACTGGATGAAGGTGAACGACTAA
JUN_dna.fasta,ATGACGGCTAAAATGGAAACTACATTTTATGACGACGCTCTGAATGCAAGCTTTCTGCCGTCCGAGAGCGGTCCGTATGGTTACAGCAACCCGAAGATCCTGAAGCAGAGCATGACCTTGAATTTGGCTGATCCGGTGGGTAGCCTCAAGCCGCATCTGAGAGCAAAAAACAGTGACCTGCTGACCAGCCCGGATGTTGGCCTGCTGAAGCTAGCGTCCCCGGAATTGGAGCGCCTTATCATCCAGTCTTCCAACGGCCATATTACCACCACGCCGACGCCAACGCAGTTCCTGTGCCCGAAGAACGTGACTGACGAACAGGAGGGTTTTGCAGAAGGCTTCGTGCGTGCATTAGCGGAGCTGCACAGCCAGAACACCTTGCCGTCTGTAACTTCAGCGGCGCAGCCGGTGAACGGTGCGGGTATGGTTGCGCCTGCCGTTGCTTCTGTCGCCGGTGGCAGCGGTTCGGGGGGCTTCTCGGCGTCTTTGCACAGCGAACCACCGGTCTATGCAAATTTGTCCAATTTCAACCCGGGTGCGCTGAGCAGCGGCGGTGGCGCTCCGAGCTACGGCGCGGCGGGCCTGGCGTTTCCGGCGCAACCGCAACAACAACAACAACCACCGCACCACCTGCCGCAGCAAATGCCCGTGCAGCATCCGCGTCTGCAGGCGCTGAAAGAAGAGCCGCAGACCGTTCCGGAAATGCCGGGTGAAACCCCGCCTCTGTCGCCGATTGATATGGAAAGCCAGGAGCGTATTAAAGCGGAGCGCAAACGTATGCGTAATCGTATTGCAGCCTCCAAGTGCCGTAAGCGCAAACTTGAGCGCATCGCCCGTCTGGAGGAAAAAGTGAAAACCTTGAAGGCTCAAAACAGCGAGTTGGCGTCTACCGCAAACATGCTGCGTGAACAGGTTGCCCAACTCAAACAGAAAGTTATGAATCACGTTAACAGCGGTTGTCAGCTGATGTTGACCCAGCAACTGCAAACCTTTTAA
KIF11_dna.fasta,ATGGCATCTCAACCCAATTCAAGTGCTAAAAAGAAAGAAGAAAAGGGCAAAAATATCCAGGTTGTTGTGCGCTGCCGTCCGTTTAATCTGGCGGAACGTAAAGCGAGCGCTCACAGCATTGTGGAGTGCGATCCGGTCCGCAAAGAGGTATCCGTCCGTACTGGTGGCCTGGCGGATAAAAGTTCTCGTAAGACCTATACCTTCGATATGGTTTTCGGTGCGTCAACGAAGCAGATTGATGTTTACCGCTCGGTGGTATGTCCGATTCTGGATGAAGTCATCATGGGTTATAATTGTACCATCTTCGCCTATGGTCAAACCGGCACCGGCAAAACGTTCACCATGGAAGGTGAAAGATCGCCGAATGAAGAGTACACTTGGGAAGAGGACCCGTTGGCTGGCATTATCCCGCGCACACTGCATCAGATCTTTGAAAAATTGACTGACAACGGTACGGAATTTTCCGTGAAGGTGTCTCTTCTGGAGATTTATAACGAGGAACTCTTCGACCTGTTAAATCCGTCATCCGACGTCTCGGAGCGTCTGCAAATGTTTGATGATCCGCGTAATAAGCGCGGTGTGATTATCAAGGGCCTGGAGGAGATCACCGTGCACAATAAGGACGAGGTTTACCAGATTCTGGAGAAGGGTGCGGCGAAACGTACGACTGCGGCGACCCTGATGAACGCCTACAGCAGCCGTAGCCACAGCGTGTTCAGCGTTACCATTCATATGAAAGAGACTACGATCGACGGTGAAGAACTCGTTAAAATCGGCAAACTAAATTTAGTGGACTTGGCCGGTAGCGAGAACATTGGTAGATCCGGTGCGGTGGATAAACGTGCACGTGAAGCTGGTAATATTAACCAGTCACTGCTGACTCTGGGTCGTGTTATCACCGCATTGGTCGAGCGCACGCCTCATGTGCCGTACCGTGAAAGCAAGCTGACGCGTATTTTACAGGATAGCCTGGGCGGCCGCACGCGTACCAGTATAATCGCCACCATCAGCCCGGCAAGCCTGAACCTAGAAGAGACGCTGTCCACCTTGGAGTACGCACATCGTGCGAAGAACATTTTAAACAAGCCGGAAGTTAATCAGAAACTGACCAAGAAGGCGCTGATTAAAGAGTACACGGAGGAGATCGAGCGTCTGAAGCGTGACCTGGCTGCGGCTCGTGAGAAGAATGGTGTTTACATCTCTGAGGAGAATTTCCGTGTGATGAGCGGTAAACTGACGGTTCAGGAGGAGCAAATTGTGGAGCTGATTGAAAAGATCGGCGCGGTGGAAGAGGAACTCAACCGCGTGACCGAATTGTTCATGGATAATAAGAACGAACTGGACCAGTGCAAAAGCGATTTGCAAAACAAAACCCAGGAGTTAGAAACCACGCAGAAGCACCTGCAAGAAACGAAGCTGCAGCTGGTTAAGGAAGAGTACATCACCAGCGCACTGGAGTCTACCGAAGAGAAATTGCACGATGCTGCGTCCAAACTTCTGAACACCGTTGAAGAGACAACTAAGGACGTTTCTGGTCTGCACAGCAAATTAGATCGTAAGAAAGCGGTGGATCAGCATAATGCCGAAGCTCAGGATATCTTCGGTAAAAACCTGAACTCTCTGTTTAACAACATGGAAGAGCTGATTAAAGACGGCAGCAGCAAGCAAAAGGCTATGCTGGAAGTGCACAAAACCCTGTTCGGCAACTTACTGAGCAGCTCCGTGTCCGCGCTGGACACCATTACCACCGTAGCACTTGGCAGCCTGACAAGCATCCCGGAAAACGTGTCCACCCATGTTAGCCAGATTTTCAATATGATTCTGAAGGAGCAAAGCCTAGCGGCGGAAAGCAAGACCGTTTTGCAGGAGCTTATCAACGTTCTGAAAACGGATCTGCTGTCCTCTTTGGAGATGATCCTGTCGCCGACCGTGGTTTCCATCCTTAAGATCAACAGCCAGCTGAAACACATTTTCAAAACAAGCCTGACGGTCGCAGATAAAATTGAAGACCAAAAAAAAGAACTGGATGGTTTTCTGTCGATCCTGTGTAATAACTTGCACGAATTACAAGAGAACACCATCTGTAGCCTGGTCGAAAGCCAGAAACAATGTGGTAATTTGACTGAGGACCTGAAAACCATTAAACAGACGCATAGCCAAGAACTTTGCAAGCTGATGAATCTGTGGACCGAACGTTTTTGCGCGCTGGAGGAAAAGTGCGAGAACATCCAGAAACCGTTGTCTTCCGTTCAGGAGAATATCCAGCAGAAGTCGAAGGACATTGTGAACAAGATGACCTTTCATTCCCAAAAATTCTGCGCCGATAGCGACGGCTTCAGCCAAGAGCTGCGCAACTTTAACCAGGAGGGCACCAAGTTGGTTGAAGAATCCGTGAAACACTCGGATAAACTCAACGGTAATCTGGAGAAGATCAGCCAGGAAACCGAGCAACGCTGCGAAAGCTTGAACACCCGCACCGTATACTTCAGTGAGCAGTGGGTTAGCTCCCTCAACGAACGCGAACAAGAACTGCACAACTTGTTGGAGGTGGTGAGCCAATGCTGCGAAGCAAGCTCCTCCGATATTACCGAGAAAAGCGACGGCCGTAAGGCCGCGCACGAAAAGCAGCATAATATCTTCCTGGACCAGATGACCATCGACGAAGACAAACTTATCGCGCAGAATCTAGAGCTAAACGAAACTATCAAGATTGGGCTGACCAAGCTGAACTGCTTTCTGGAGCAAGATTTGAAGTTAGACATTCCTACGGGCACCACCCCGCAGCGTAAAAGCTATCTGTATCCGAGCACGCTGGTGCGTACCGAGCCACGCGAACACCTGCTCGACCAGCTCAAACGCAAACAACCGGAATTGCTGATGATGCTGAACTGCTCTGAGAACAATAAGGAGGAGACGATTCCAGATGTTGACGTGGAGGAAGCGGTTCTGGGTCAGTATACCGAGGAACCGCTGTCTCAAGAGCCGAGCGTCGACGCAGGCGTTGACTGTAGCTCAATTGGCGGAGTCCCGTTTTTTCAGCACAAAAAGAGCCATGGTAAAGACAAGGAGAATCGAGGTATCAACACCTTGGAGCGTTCTAAGGTGGAAGAAACCACCGAGCACCTGGTTACCAAGAGCCGTCTTCCGCTGCGTGCGCAAATCAACCTATAA
LAMP1_dna.fasta,ATGGCAGCGCCAGGAAGTGCTAGGAGACCCTTGTTGTTATTACTATTGTTGTTACTGCTGGGTCTGATGCATTGTGCCTCAGCGGCAATGTTTATGGTTAAAAACGGAAACGGCACTGCGTGTATTATGGCAAATTTTTCTGCAGCGTTCAGCGTGAACTATGATACCAAAAGCGGTCCGAAGAACATGACCTTTGATCTGCCGTCGGACGCTACCGTCGTGCTGAACCGTTCCAGTTGCGGTAAAGAGAACACCTCCGACCCGTCCCTGGTTATTGCGTTCGGTCGTGGTCATACCTTGACCCTGAACTTCACCCGTAATGCCACCCGCTATAGCGTGCAGCTGATGAGCTTTGTTTATAATCTGAGCGACACCCATCTGTTTCCGAACGCGAGCAGCAAAGAGATCAAAACCGTCGAGTCAATTACCGATATCCGCGCGGATATTGATAAAAAATACCGCTGTGTTAGCGGGACACAGGTTCACATGAACAATGTCACCGTAACTCTTCACGACGCGACGATCCAAGCCTACCTTTCTAATAGCAGCTTTTCTAGAGGCGAAACCCGCTGCGAACAGGATCGTCCGTCCCCAACCACCGCGCCACCGGCTCCGCCGTCGCCGTCGCCGAGCCCGGTTCCGAAGAGCCCGTCCGTTGACAAGTACAACGTGAGCGGCACAAACGGCACGTGCCTGCTGGCAAGCATGGGTTTGCAACTGAACTTGACCTACGAGCGTAAGGACAACACGACGGTGACGCGTCTGCTGAACATTAATCCGAATAAAACCAGCGCTTCCGGTTCTTGCGGTGCGCACCTGGTGACCCTGGAACTGCACAGCGAAGGTACGACTGTGCTGCTCTTCCAATTCGGCATGAATGCGAGTTCGAGCCGTTTTTTCCTGCAAGGTATTCAGTTGAACACCATTCTGCCCGACGCGCGTGATCCGGCGTTCAAGGCTGCCAACGGCAGCTTGCGCGCTTTGCAAGCGACCGTAGGCAACTCCTACAAGTGCAATGCGGAAGAACACGTTCGTGTGACCAAGGCGTTCTCCGTGAATATCTTTAAGGTGTGGGTTCAGGCGTTCAAAGTCGAGGGCGGTCAGTTCGGCTCCGTGGAGGAGTGCCTGCTAGACGAAAATAGCATGCTGATCCCGATCGCCGTTGGCGGTGCACTTGCCGGTCTCGTTTTGATCGTGCTGATCGCATACCTGGTTGGCCGTAAGCGCAGCCATGCAGGTTATCAGACTATCTAA
LCK_dna.fasta,ATGGGGTGCGGATGTTCAAGTCACCCCGAAGACGATTGGATGGAAAATATCGATGTGTGCGAAAACTGCCACTACCCGATTGTTCCGCTGGACGGCAAAGGCACCCTGCTGATTCGCAACGGCTCAGAGGTGCGTGATCCGCTTGTTACTTATGAGGGTTCCAACCCGCCTGCGTCGCCGCTGCAGGATAACTTGGTTATTGCGCTGCACAGCTACGAACCGAGCCACGATGGCGATCTGGGCTTCGAGAAAGGTGAGCAGTTACGCATCCTGGAACAAAGCGGCGAGTGGTGGAAGGCTCAAAGCCTGACCACCGGTCAAGAGGGTTTTATTCCGTTTAACTTTGTGGCGAAGGCGAACAGCCTTGAGCCGGAGCCGTGGTTTTTCAAGAACTTGTCTCGTAAAGATGCGGAACGTCAGTTGCTGGCGCCAGGTAATACCCATGGTTCATTTTTGATCCGCGAGTCGGAGAGCACGGCCGGCTCTTTTTCCCTCTCCGTGCGCGACTTCGACCAGAACCAGGGTGAAGTGGTTAAGCACTACAAGATTCGTAATCTGGATAACGGTGGTTTCTACATCAGCCCGCGTATTACTTTCCCGGGTCTGCACGAATTGGTACGCCATTACACCAATGCAAGTGACGGTCTTTGCACCAGACTGTCTCGTCCCTGTCAGACCCAAAAGCCGCAGAAACCGTGGTGGGAAGACGAATGGGAAGTGCCGCGTGAAACCCTAAAGCTGGTAGAGCGTCTGGGTGCTGGCCAATTTGGTGAAGTTTGGATGGGTTACTACAACGGTCATACCAAAGTTGCGGTGAAGTCCCTGAAGCAGGGCAGCATGAGCCCGGACGCATTCCTGGCCGAAGCTAATCTTATGAAACAACTGCAGCATCAGCGTCTGGTTCGTTTGTACGCGGTTGTTACACAAGAGCCGATATATATCATCACGGAATACATGGAGAACGGCTCCTTGGTCGATTTCCTGAAGACCCCGTCCGGTATCAAGTTGACCATCAACAAACTGCTGGACATGGCTGCGCAGATCGCCGAGGGCATGGCATTCATCGAGGAACGCAATTATATCCATCGTGACCTGAGAGCAGCGAACATTCTAGTCAGCGATACCCTGTCTTGTAAAATCGCGGATTTCGGTCTAGCGCGTTTGATTGAAGACAACGAATACACCGCGCGCGAGGGCGCAAAGTTTCCGATCAAATGGACGGCGCCAGAGGCCATTAATTATGGCACCTTCACCATCAAAAGCGACGTGTGGAGCTTTGGCATTCTGCTGACGGAAATTGTGACCCACGGCCGTATCCCATATCCGGGTATGACGAACCCGGAGGTCATTCAGAATTTAGAGCGCGGTTATCGTATGGTTCGCCCGGACAACTGCCCGGAAGAGCTGTACCAGCTGATGCGTTTATGCTGGAAAGAACGCCCTGAGGACCGTCCGACCTTTGATTATCTGCGTAGCGTGCTGGAGGACTTCTTCACGGCTACCGAAGGCCAATATCAGCCGCAACCGTAA
LEMD3_dna.fasta,ATGGCAGCGGCTGCTGCCTCAGCACCCCAACAACTGAGCGACGAGGAGTTGTTCTCCCAACTGCGCAGATACGGCCTAAGCCCGGGTCCGGTCACCGAAAGTACCAGACCGGTTTATCTGAAGAAACTGAAGAAGCTGCGCGAAGAGGAGCAGCAGCAGCATCGTAGCGGTGGCCGCGGTAATAAAACCCGCAACAGCAATAATAACAACACTGCTGCTGCTACCGTAGCCGCGGCTGGTCCGGCTGCGGCGGCGGCGGCGGGTATGGGTGTCCGTCCGGTGAGCGGTGACCTGAGCTACTTGCGTACGCCGGGCGGCTTGTGTCGCATCAGCGCGAGCGGCCCAGAGAGCCTACTGGGTGGCCCGGGCGGCGCTAGCGCGGCGCCAGCAGCAGGCTCCAAGGTGCTCTTGGGTTTTTCGTCCGATGAAAGCGACGTTGAAGCCTCTCCGCGCGATCAAGCGGGCGGTGGTGGCCGCAAAGACCGCGCATCCTTACAATATCGCGGTCTGAAGGCGCCACCGGCTCCCTTGGCGGCGAGCGAGGTTACGAATAGCAACTCTGCGGAACGTCGCAAGCCGCACAGCTGGTGGGGTGCTCGTCGTCCTGCTGGTCCGGAGCTGCAGACCCCACCGGGCAAGGATGGAGCGGTTGAAGATGAGGAGGGTGAGGGTGAGGACGGTGAAGAGCGTGACCCGGAAACCGAAGAGCCGCTGTGGGCATCCCGTACCGTAAATGGTAGCCGTTTGGTCCCGTACAGCTGTCGTGAAAATTATAGCGATAGCGAAGAGGAGGACGACGATGATGTTGCGAGCTCCCGTCAGGTTTTGAAGGACGATTCGCTGTCTCGTCATCGTCCGCGTCGTACGCACAGCAAACCGCTGCCGCCACTGACGGCTAAAAGCGCTGGCGGTCGTCTGGAGACATCCGTTCAAGGCGGTGGTGGCCTGGCAATGAACGATCGGGCGGCGGCAGCGGGTTCTTTGGACCGCTCCCGTAACCTGGAGGAGGCTGCGGCGGCTGAACAGGGTGGTGGGTGCGACCAGGTCGATTCCAGCCCGGTGCCGCGCTACAGGGTTAATGCAAAAAAACTGACTCCGTTGTTGCCGCCGCCGCTGACTGACATGGATTCGACCCTGGACAGTTCCACCGGTTCCCTGCTTAAAACCAACAACCACATCGGGGGTGGTGCATTCTCTGTGGACTCGCCGAGGATTTATAGCAACAGCTTACCGCCATCTGCGGCGGTTGCGGCGTCGTCTAGCCTCCGCATCAACCATGCAAATCACACCGGCTCTAACCACACCTACCTGAAGAACACTTACAACAAACCGAAACTGTCTGAGCCGGAAGAGGAGCTGCTCCAACAATTCAAACGTGAGGAAGTTTCTCCGACGGGCTCGTTCAGCGCGCATTATCTGAGCATGTTTCTGCTGACTGCGGCGTGCCTGTTCTTCCTTATCCTGGGCTTGACGTACCTGGGCATGCGTGGCACCGGCGTCAGCGAAGACGGCGAGCTGTCCATCGAAAACCCGTTTGGCGAGACGTTTGGCAAGATCCAAGAATCCGAAAAAACCCTTATGATGAATACCCTCTATAAACTACACGATCGATTAGCGCAGCTCGCCGGAGATCACGAATGCGGTTCCAGCAGCCAGCGTACCCTGTCCGTGCAGGAGGCCGCTGCCTATCTGAAGGACCTGGGTCCGGAGTATGAAGGTATTTTTAACACCTCTCTGCAATGGATCTTGGAGAACGGTAAAGACGTGGGAATCCGTTGTGTCGGTTTCGGTCCGGAAGAGGAGCTGACCAACATTACCGATGTTCAGTTTCTGCAGAGCACCCGTCCGCTGATGAGCTTTTGGTGTCGTTTTCGTCGTGCGTTCGTGACCGTGACCCACCGCCTGCTTCTGTTATGCCTGGGCGTGGTTATGGTTTGTGTTGTTCTGCGTTACATGAAGTACCGCTGGACCAAAGAAGAAGAGGAGACCAGACAGATGTATGACATGGTGGTGAAAATCATTGATGTGCTGCGTTCCCATAACGAGGCGTGCCAGGAAAACAAGGACCTGCAACCGTATATGCCGATTCCGCACGTGCGTGACTCACTGATTCAACCTCACGACCGCAAAAAGATGAAAAAGGTGTGGGATCGTGCGGTGGACTTCCTCGCCGCGAACGAAAGCCGTGTTCGTACCGAAACCCGTCGTATCGGCGGCGCTGATTTTCTGGTTTGGCGTTGGATTCAGCCGAGCGCCAGTTGCGATAAAATCCTGGTCATCCCGTCGAAAGTATGGCAGGGTCAGGCATTCCACCTGGACAGACGCAACTCTCCGCCCAACTCTCTCACCCCTTGCCTGAAGATTCGTAACATGTTCGATCCGGTGATGGAAATAGGTGATCAGTGGCATCTGGCCATTCAAGAGGCGATTTTGGAAAAATGCAGCGATAATGATGGCATCGTGCATATCGCAGTCGATAAAAATTCCCGCGAAGGGTGCGTGTACGTTAAGTGCCTGAGCCCGGAGTACGCAGGGAAGGCGTTCAAAGCCTTGCACGGTTCCTGGTTTGACGGGAAGCTGGTCACCGTTAAATACCTCCGGTTGGACCGTTACCATCATCGCTTCCCGCAGGCATTGACGAGCAATACGCCGCTGAAGCCATCCAACAAGCACATGAATTCCATGAGCCATCTGCGCCTGCGCACCGGTCTGACGAACAGTCAAGGCAGCAGCTAA
MAPK1_dna.fasta,ATGGCAGCCGCTGCGGCTGCTGGAGCAGGGCCAGAGATGGTAAGAGGTCAGGTTTTTGACGTGGGTCCGCGTTATACCAATCTGAGTTATATCGGCGAAGGTGCATATGGTATGGTTTGTAGCGCGTACGATAATGTGAATAAAGTTCGTGTCGCGATTAAAAAAATCTCCCCGTTCGAGCACCAGACCTACTGCCAGCGTACCCTGCGTGAAATCAAGATTCTGCTGCGCTTCCGCCACGAGAACATCATTGGCATTAACGATATCATTCGTGCGCCTACGATTGAGCAAATGAAAGATGTGTATATTGTTCAGGACCTGATGGAAACCGATCTGTACAAACTGCTTAAGACGCAGCATCTGTCCAACGACCATATTTGCTATTTCCTCTACCAGATTCTGCGCGGCTTAAAGTACATCCATAGCGCAAATGTCCTGCATCGTGATCTGAAGCCGTCTAATTTGTTGCTCAACACCACGTGCGACTTAAAGATCTGCGATTTTGGCCTGGCTCGTGTTGCTGATCCGGACCACGATCACACCGGTTTTCTGACTGAATACGTTGCCACCCGTTGGTACCGCGCGCCCGAGATCATGCTGAACAGCAAGGGCTACACCAAAAGCATTGACATCTGGTCCGTGGGCTGCATCTTAGCGGAGATGTTGTCTAACAGGCCGATCTTCCCGGGTAAACACTATCTGGATCAGCTGAATCACATTTTGGGCATTCTGGGTAGCCCGTCGCAAGAAGATTTGAACTGTATCATCAACCTGAAGGCTCGCAACTATCTGTTGTCTCTGCCGCACAAGAATAAGGTGCCGTGGAACCGTCTGTTTCCAAACGCAGACAGCAAGGCGCTGGACTTGCTCGACAAAATGTTGACCTTTAACCCGCACAAACGTATCGAGGTGGAACAAGCACTGGCGCATCCATATCTGGAACAATATTACGACCCGAGCGATGAACCGATCGCGGAGGCCCCGTTTAAATTCGATATGGAACTTGACGACCTGCCGAAAGAGAAACTGAAGGAGCTGATTTTCGAGGAAACTGCCCGCTTCCAACCGGGTTACCGTAGCTAA
MAPKAPK5_dna.fasta,ATGAGTGAAGAGTCAGATATGGACAAAGCTATTAAAGAGACCAGCATCTTGGAGGAATATTCCATCAACTGGACCCAGAAACTAGGCGCAGGCATCTCTGGTCCGGTGCGTGTCTGTGTTAAGAAATCTACGCAAGAAAGATTTGCTCTGAAGATACTGTTGGACCGTCCGAAGGCGCGTAATGAGGTGCGCCTGCACATGATGTGTGCAACCCATCCGAATATTGTTCAGATCATCGAGGTTTTTGCGAATTCCGTACAGTTCCCGCATGAAAGCTCTCCGCGTGCACGTTTGTTGATTGTTATGGAGATGATGGAGGGTGGTGAACTGTTCCACCGCATCAGCCAACACCGTCACTTTACTGAGAAGCAGGCGAGCCAAGTGACCAAACAAATTGCGCTCGCGCTGCGCCACTGCCATCTGCTGAACATCGCCCACCGTGACCTGAAGCCAGAGAACCTGTTGTTCAAAGACAACTCTCTGGACGCTCCTGTTAAGCTTTGCGATTTTGGTTTCGCGAAAATCGATCAGGGTGATCTGATGACCCCGCAATTCACTCCGTACTACGTGGCTCCGCAGGTTCTGGAAGCTCAACGTCGTCACCAGAAAGAGAAATCCGGTATTATCCCGACGTCGCCGACACCGTACACCTACAACAAATCATGCGACCTGTGGTCTCTGGGCGTTATCATCTATGTTATGCTGTGCGGTTATCCGCCTTTTTATAGCAAACATCATAGCCGTACCATCCCGAAGGACATGCGTCGGAAGATCATGACCGGTAGCTTCGAATTTCCGGAAGAGGAATGGAGCCAGATCAGCGAAATGGCAAAAGATGTTGTTCGCAAGCTGTTAAAGGTGAAGCCGGAGGAGCGCCTGACCATTGAAGGTGTTCTGGACCACCCGTGGCTGAACAGTACGGAAGCGTTGGACAATGTGTTACCGAGCGCACAACTCATGATGGATAAAGCGGTTGTGGCGGGCATCCAACAGGCGCATGCAGAACAGCTGGCGAACATGCGCATTCAGGATTTGAAGGTGTCCCTGAAGCCACTCCACTCGGTGAACAACCCGATTCTGCGCAAACGTAAATTGTTGGGCACCAAGCCGAAGGACAGCGTGTACATTCATGATCACGAGAACGGCGCTGAAGATAGCAACGTGGCCTTGGAAAAGCTGCGTGACGTCATTGCCCAATGTATTCTGCCACAAGCGGGCGAAAACGAGGATGAAAAACTGAATGAGGTCATGCAGGAGGCGTGGAAATACAATCGCGAATGCAAATTGCTGCGTGACACCCTGCAGAGCTTCAGCTGGAATGGCCGTGGTTTCACGGATAAAGTCGATCGTCTGAAGTTAGCCGAAATTGTGAAACAGGTTATCGAAGAGCAGACCACCTCCCATGAGTCGCAATAA
MMPL3_dna.fasta,GTATTTGCTTGGTGGGGAAGGACAGTTTATCGCTACCGCTTCATCGTTATAGGTGTTATGGTTGCTTTGTGCCTGGGCGGTGGTGTGTTCGGTCTCAGCCTGGGCAAGCACGTGACCCAGTCTGGCTTCTATGATGACGGTTCCCAGTCCGTGCAGGCTTCCGTTCTCGGCGACCAGGTTTATGGTCGAGATCGTTCTGGTCACATTGTGGCCATCTTTCAAGCGCCAGCTGGCAAGACCGTGGACGACCCGGCTTGGAGCAAAAAAGTTGTTGACGAGCTGAACAGATTCCAGCAAGACCACCCGGATCAAGTTCTGGGTTGGGCAGGCTACCTGCGCGCATCGCAAGCGACCGGTATGGCCACCGCCGATAAGAAGTACACCTTTGTTTCCATTCCGCTGAAAGGTGACGACGACGACACGATCCTGAACAACTATAAAGCCATCGCTCCGGATCTGCAACGTCTGGATGGCGGTACGGTCAAACTGGCAGGTCTGCAACCGGTGGCGGAGGCTTTGACTGGTACGATCGCGACTGACCAGCGTCGCATGGAAGTTCTGGCGTTGCCGTTGGTAGCCGTTGTTTTGTTCTTTGTTTTCGGCGGCGTTATCGCGGCGGGTCTGCCGGTCATGGTGGGTGGCTTATGCATTGCAGGTGCACTGGGCATTATGCGTTTCCTGGCGATCTTTGGTCCGGTGCATTATTTCGCACAACCTGTGGTTTCGCTGATCGGCCTGGGTATCGCGATTGATTACGGCTTGTTTATCGTGAGTCGTTTCCGTGAGGAGATCGCCGAAGGTTACGACACCGAAACCGCGGTGAGACGCACCGTAATCACCGCGGGCCGAACCGTCACCTTTAGCGCGGTGCTGATCGTTGCCTCAGCTATAGGCTTGCTGCTATTCCCACAGGGTTTCCTTAAAAGCCTTACCTATGCGACCATTGCCTCTGTTATGCTGTCCGCGATTTTATCGATTACCGTTTTGCCGGCGTGTCTGGGCATTCTGGGAAAACACGTTGACGCCTTGGGTGTGCGTACCCTGTTCCGCGTTCCGTTTTTAGCGAACTGGAAAATCAGCGCTGCGTACCTGAATTGGCTGGCGGACCGTCTGCAACGTACCAAAACTCGTGAAGAGGTGGAAGCAGGGTTCTGGGGTAAGCTGGTTAATCGCGTTATGAAGCGTCCCGTCCTGTTCGCGGCACCGATCGTGATCATTATGATTCTGCTGATTATCCCGGTCGGCAAGCTGTCCCTGGGTGGCATTTCAGAAAAATACTTACCGCCGACAAACAGCGTTCGCCAGGCCCAGGAGGAATTTGATAAGCTCTTCCCGGGTTACCGAACGAACCCGTTAACTTTGGTCATCCAGACCTCCAATCATCAGCCGGTAACGGACGCTCAAATTGCCGACATTCGTAGCAAGGCAATGGCAATCGGCGGTTTTATTGAACCGGATAATGATCCGGCTAATATGTGGCAGGAGCGTGCGTATGCAGTTGGTGCTAGCAAGGATCCGTCTGTTCGCGTGTTGCAAAACGGTTTGATCAACCCGGCTGATGCCTCGAAAAAGCTGACCGAGCTGCGCGCGATTACGCCGCCGAAAGGCATCACCGTGCTGGTTGGCGGGACGCCGGCCCTTGAGCTTGACAGCATCCATGGTTTATTTGCTAAAATGCCGTTGATGGTTGTCATCCTGCTGACTACCACCATTGTTCTGATGTTCCTGGCATTCGGTTCCGTCGTTCTGCCGATTAAAGCGACGCTTATGAGCGCGTTGACCCTTGGCAGCACCATGGGTATTCTGACATGGATTTTTGTGGACGGCCACTTTAGCAAGTGGTTGAACTTTACCCCAACGCCGTTGACCGCGCCGGTTATCGGTCTGATCATCGCGTTGGTGTTCGGCTTAAGCACCGATTATGAAGTTTTTTTGGTCTCACGTATGGTTGAGGCGCGCGAACGTGGTATGAGCACCCAAGAGGCTATCCGCATTGGCACCGCGGCGACCGGTCGTATTATCACTGCGGCTGCGCTGATCGTGGCCGTGGTGGCTGGTGCGTTTGTGTTCAGCGATCTGGTGATGATGAAGTACCTCGCGTTCGGCCTGATGGCAGCTCTGCTGCTCGATGCAACGGTGGTACGCATGTTTCTTGTGCCGTCTGTGATGAAGCTCCTCGGTGACGACTGCTGGTGGGCTCCGCGTTGGGCACGTCGTTTGCAGACCCGTATCGGCTTAGGCGAAATTCACCTGCCGGACGAACGCAAACGTCCAGTGTCCAACGGCCGTCCGGCCCGTCCGCCGGTCACCGCTGGCTTGGTGGCGGCGCGTGCAGCGGGTGACCCACGTCCACCGCACGATCCGACCCATCCCCTGGCTGAGAGCCCGCGTCCGGCTCGCTCTAGCCCGGCGAGCAGCCCGGAACTGACGCCTGCTCTGGAAGCCACCGCGGCACCGGCGGCCCCTAGCGGTGCGTCGACCACAAGAATGCAGATCGGCAGCAGCACCGAACCGCCGACCACCCGTTTGGCGGCGGCTGGTCGGTCCGTTCAGTCGCCGGCGTCCACCCCGCCGCCTACCCCGACCCCGCCGAGCGCGCCGAGCGCCGGTCAGACGCGTGCTATGCCGCTGGCAGCGAACCGTTCCACCGATGCGGCGGGCGACCCGGCGGAGCCTACGGCCGCGCTGCCGATTATCCGCAGCGATGGTGATGACAGCGAGGCCGCGACGGAGCAGCTGAATGCACGTGGTACCTCTGATAAAACTCGCCAGCGCCGTCGCGGTGGTGGTGCGCTCTCCGCCCAAGATCTGCTAAGACGTGAGGGTCGTCTGTAA
NGFR_dna.fasta,ATGGGAGCGGGTGCAACAGGGAGGGCTATGGACGGTCCGCGTCTGTTGCTGTTGTTGTTGCTTGGTGTCAGCCTGGGTGGCGCCAAAGAAGCATGCCCGACTGGTCTCTACACCCACTCAGGCGAGTGTTGTAAGGCCTGCAACCTGGGCGAGGGCGTTGCTCAGCCGTGCGGTGCGAACCAAACGGTATGCGAGCCGTGCTTGGACAGCGTGACCTTCAGCGACGTCGTTTCTGCTACCGAGCCGTGTAAACCGTGCACGGAGTGCGTGGGTCTGCAGAGCATGTCCGCCCCATGCGTTGAGGCTGATGATGCGGTGTGCCGCTGCGCCTATGGTTACTACCAGGACGAAACCACGGGCCGTTGTGAGGCTTGCCGTGTTTGTGAGGCTGGCAGTGGCTTAGTTTTTAGCTGTCAGGACAAGCAAAACACCGTGTGCGAGGAGTGCCCGGATGGTACATATTCGGACGAGGCGAATCATGTTGATCCGTGCCTGCCGTGCACGGTGTGCGAAGATACCGAACGTCAGCTGCGTGAATGTACCCGCTGGGCAGATGCGGAATGCGAAGAGATCCCGGGTCGTTGGATTACCCGCAGCACGCCGCCCGAGGGCTCCGACTCTACTGCGCCGTCCACCCAAGAACCGGAGGCGCCACCGGAGCAAGACCTGATCGCGTCCACCGTCGCCGGCGTTGTGACCACCGTGATGGGTTCTTCACAGCCTGTTGTGACCCGTGGTACAACCGACAACCTGATTCCGGTTTATTGTAGCATCCTGGCTGCAGTGGTAGTTGGTCTGGTTGCGTACATCGCCTTCAAACGCTGGAATAGCTGCAAGCAAAACAAACAAGGTGCAAACAGCCGTCCGGTTAATCAGACTCCGCCACCGGAAGGCGAAAAGCTGCACAGCGACTCTGGTATTAGCGTTGATTCTCAGAGCCTTCACGATCAGCAACCGCACACCCAAACCGCGTCCGGCCAGGCACTGAAAGGTGATGGCGGTCTATATAGCAGCCTGCCACCGGCAAAGCGCGAAGAAGTCGAAAAGTTGTTGAATGGTTCCGCAGGGGACACCTGGCGTCATCTGGCGGGTGAGCTGGGCTACCAACCGGAACATATTGATAGCTTTACCCACGAAGCCTGCCCGGTACGCGCGTTGCTGGCGTCCTGGGCGACCCAGGATTCTGCTACCCTGGACGCGCTCCTGGCGGCACTGAGACGTATCCAGCGTGCGGACCTGGTGGAATCGCTGTGTAGCGAAAGCACGGCTACCAGCCCGGTGTAA
NOC2L_dna.fasta,ATGGCAGCTGCGGGATCACGAAAAAGAAGGTTGGCCGAATTAACGGTGGATGAGTTCCTGGCTAGCGGTTTCGATTCCGAAAGCGAATCTGAGTCCGAAAACAGCCCGCAGGCGGAAACCCGTGAGGCGCGTGAGGCGGCTCGCAGCCCTGATAAACCGGGCGGCAGCCCGAGCGCGAGCCGTCGTAAGGGCCGCGCGTCAGAGCACAAGGACCAGCTGTCAAGACTCAAAGACCGCGACCCGGAGTTCTACAAATTCTTACAAGAGAATGATCAGTCACTGCTGAACTTCTCCGATTCTGATAGCTCGGAGGAAGAAGAAGGTCCGTTCCACAGCTTGCCAGACGTGCTTGAGGAGGCTAGCGAAGAAGAGGACGGTGCAGAGGAAGGTGAGGATGGGGATCGCGTTCCACGTGGCCTGAAGGGCAAGAAGAACAGCGTTCCGGTTACCGTTGCTATGGTTGAACGTTGGAAACAGGCGGCGAAACAACGCCTGACGCCAAAACTATTCCACGAAGTTGTCCAGGCGTTTCGTGCGGCGGTTGCCACCACCCGAGGTGATCAAGAATCAGCCGAAGCGAACAAATTCCAGGTTACCGATTCCGCGGCATTCAACGCGCTGGTGACCTTTTGTATTCGCGACCTGATTGGCTGCCTGCAGAAACTCTTGTTTGGTAAGGTGGCGAAAGATAGCAGCCGGATGCTGCAACCATCGTCTTCACCCCTGTGGGGTAAACTGCGTGTTGATATTAAGGCTTACCTGGGCTCCGCGATCCAGCTGGTGTCTTGTCTGTCAGAAACCACGGTCTTGGCGGCGGTGCTGCGTCACATTTCCGTGCTTGTGCCGTGTTTCTTAACCTTTCCGAAACAGTGTCGTATGCTGCTTAAGCGCATGGTTATCGTGTGGTCCACCGGTGAAGAATCCCTGCGCGTGTTGGCGTTTTTAGTGTTGTCCCGTGTGTGCCGTCACAAAAAGGACACCTTTCTGGGCCCGGTGCTGAAGCAAATGTATATCACCTACGTTCGTAACTGCAAGTTCACCAGCCCGGGTGCGCTGCCGTTTATTAGCTTTATGCAGTGGACCCTTACTGAACTGTTAGCGTTGGAGCCGGGGGTGGCGTACCAGCATGCATTTCTGTACATCCGCCAACTGGCGATCCATCTGCGTAATGCCATGACGACCCGTAAGAAAGAGACGTACCAGAGCGTCTATAACTGGCAGTATGTTCATTGCCTGTTCCTGTGGTGTCGTGTGTTGTCCACGGCAGGCCCAAGTGAGGCTCTGCAGCCGTTGGTTTATCCGCTGGCTCAAGTCATTATCGGTTGCATCAAGCTCATTCCGACCGCCCGTTTTTACCCGCTGCGGATGCACTGCATTCGTGCCCTGACCTTGCTCTCCGGCAGCTCTGGTGCATTCATCCCGGTCCTGCCGTTCATCCTGGAGATGTTTCAGCAGGTTGATTTTAACCGTAAGCCGGGTCGTATGAGCTCGAAACCGATTAACTTTAGCGTGATCCTGAAACTTTCCAATGTAAATCTGCAAGAGAAAGCATATCGCGACGGTCTGGTGGAACAGCTCTATGATCTGACGCTGGAGTATTTGCATAGCCAGGCGCATTGCATTGGTTTCCCGGAACTGGTACTGCCGGTTGTTCTGCAATTGAAGAGCTTTCTCCGCGAGTGCAAAGTGGCGAACTACTGCCGTCAGGTTCAGCAGTTGCTGGGCAAGGTGCAGGAAAACTCGGCATACATCTGCAGCAGAAGGCAACGTGTCAGCTTCGGCGTGTCTGAACAACAAGCGGTCGAAGCCTGGGAAAAACTGACTCGCGAAGAGGGAACCCCGCTCACACTGTATTACAGCCATTGGCGTAAGCTGCGCGATCGTGAGATTCAACTGGAGATCAGCGGCAAAGAGCGCCTGGAAGACCTGAATTTCCCGGAAATCAAACGTAGAAAGATGGCAGATCGTAAGGACGAGGACCGTAAGCAATTTAAAGACCTGTTCGATTTGAACTCCAGCGAAGAGGACGACACCGAAGGTTTCAGCGAGCGCGGTATCTTGCGACCGCTGTCTACCCGCCACGGCGTAGAAGACGATGAGGAGGACGAGGAGGAGGGTGAGGAGGACAGCTCCAATTCCGAGGACGGCGATCCGGATGCAGAGGCTGGTCTGGCACCGGGCGAGTTGCAACAACTGGCTCAGGGTCCGGAAGACGAACTGGAAGACCTGCAATTGTCTGAGGACGACTAA
NPR1_dna.fasta,ATGCCAGGGCCCAGGAGACCTGCTGGATCACGCTTGCGCTTGCTGTTGCTCCTGCTTTTACCGCCGCTCCTGCTTTTGCTCAGAGGTAGCCACGCGGGTAATCTGACCGTTGCGGTTGTTCTGCCGCTGGCGAACACCAGCTATCCGTGGTCCTGGGCGCGTGTGGGTCCGGCAGTTGAGCTTGCGTTGGCACAGGTGAAGGCTCGCCCGGACCTGCTGCCGGGTTGGACCGTGCGTACAGTTCTCGGTAGCTCGGAAAACGCACTGGGTGTGTGCAGCGATACCGCCGCGCCGTTGGCTGCGGTGGATCTGAAGTGGGAACACAACCCGGCAGTGTTCTTAGGCCCGGGGTGCGTTTATGCGGCGGCCCCAGTGGGTCGCTTCACCGCGCATTGGCGTGTGCCGCTGCTTACGGCCGGCGCACCGGCACTGGGTTTCGGCGTTAAAGATGAATATGCATTAACCACCCGTGCAGGCCCTAGCTATGCTAAACTGGGCGACTTTGTTGCGGCTCTTCACCGCAGACTAGGTTGGGAACGTCAGGCGCTGATGCTGTACGCGTATCGCCCGGGTGACGAAGAGCACTGTTTTTTTTTGGTGGAGGGTTTATTTATGCGTGTTCGTGATCGTCTGAACATCACCGTCGACCATTTGGAATTCGCCGAAGATGATCTGAGCCATTATACCCGTCTGCTGCGGACCATGCCGCGTAAAGGCCGTGTCATCTACATCTGCAGCTCTCCCGACGCGTTCCGTACCCTTATGTTGCTGGCGCTCGAGGCTGGCCTTTGCGGTGAAGACTACGTTTTCTTTCACCTGGACATCTTTGGCCAGTCCCTGCAAGGTGGTCAGGGACCGGCACCGCGTCGTCCTTGGGAGCGTGGTGACGGTCAAGACGTTTCTGCACGTCAAGCGTTTCAGGCGGCGAAGATTATCACCTATAAGGATCCGGATAACCCGGAGTATCTGGAGTTCTTGAAGCAGCTGAAGCATCTGGCTTACGAACAATTCAACTTCACCATGGAAGATGGTTTGGTGAACACCATCCCGGCAAGCTTCCACGATGGTCTGTTACTGTACATCCAGGCGGTCACCGAAACCCTAGCGCATGGTGGCACCGTCACCGATGGCGAAAACATCACCCAACGCATGTGGAATCGTTCTTTCCAGGGCGTAACCGGTTACCTGAAAATCGATTCCTCTGGTGATCGCGAAACTGACTTCAGCCTGTGGGATATGGATCCGGAGAACGGCGCTTTCCGCGTGGTGCTCAACTATAACGGTACGTCCCAGGAACTGGTTGCCGTAAGCGGTCGTAAGTTAAACTGGCCGCTGGGTTACCCGCCACCGGATATCCCGAAGTGCGGCTTTGACAACGAAGACCCGGCGTGTAATCAGGATCACCTGTCCACTCTGGAAGTTCTGGCGTTGGTCGGTTCTCTCAGCCTGCTTGGTATCCTGATTGTCAGCTTTTTCATCTACCGTAAGATGCAGCTGGAGAAAGAGCTGGCTAGCGAACTGTGGCGTGTGCGTTGGGAGGACGTTGAGCCGTCGTCCCTGGAGCGTCACCTGCGCAGCGCGGGTTCACGTTTAACGCTGTCTGGTCGCGGTTCTAATTACGGCTCGTTGCTGACAACCGAGGGCCAGTTTCAAGTTTTTGCGAAAACCGCCTACTACAAGGGCAACCTAGTGGCGGTTAAACGTGTGAACAGAAAGCGCATTGAACTCACTCGCAAGGTGCTGTTTGAACTTAAACACATGCGCGACGTTCAAAACGAGCACCTAACGCGCTTTGTGGGAGCGTGCACCGACCCGCCGAATATTTGTATTCTGACCGAATACTGCCCGCGTGGCAGCCTGCAGGACATTCTGGAGAATGAGAGCATCACCTTGGACTGGATGTTTCGCTATAGCCTCACGAACGACATCGTTAAGGGCATGCTGTTCCTGCACAACGGCGCGATTTGCAGTCACGGCAACCTGAAAAGCTCCAACTGCGTCGTGGATGGTCGCTTCGTGCTGAAGATTACCGATTATGGTCTGGAGTCCTTCCGCGATTTAGACCCGGAGCAAGGTCATACCGTTTACGCCAAGAAACTGTGGACGGCTCCGGAACTGCTGCGCATGGCATCCCCGCCGGTTCGTGGTTCGCAAGCTGGTGACGTTTACAGCTTTGGCATTATCCTGCAAGAAATTGCACTGCGTTCCGGCGTCTTTCATGTTGAGGGTCTGGATCTCTCCCCGAAAGAGATTATCGAGAGAGTGACCCGGGGGGAGCAGCCGCCGTTTCGCCCAAGCCTGGCTTTGCAAAGCCACTTGGAGGAGTTGGGCCTGCTTATGCAGCGTTGTTGGGCAGAAGATCCGCAGGAGCGTCCGCCTTTCCAGCAGATTCGTCTGACGTTGCGTAAGTTCAATCGTGAAAACAGCAGCAATATTCTGGACAACTTGTTGTCACGAATGGAACAATACGCTAATAATCTGGAAGAGCTGGTAGAGGAGCGCACGCAGGCCTACCTGGAGGAAAAACGTAAAGCAGAGGCGCTGCTGTACCAGATTCTGCCGCATAGCGTCGCAGAACAACTGAAGAGAGGCGAGACCGTGCAAGCTGAGGCCTTCGACTCTGTGACCATATATTTTAGCGATATCGTTGGCTTCACTGCCCTGAGTGCGGAAAGCACACCCATGCAGGTGGTGACTCTGCTTAACGACCTGTACACCTGTTTTGACGCCGTCATCGACAATTTTGACGTGTATAAAGTCGAAACCATCGGTGACGCCTACATGGTTGTCAGCGGCCTGCCAGTGCGTAATGGCCGTTTACACGCTTGCGAAGTTGCCCGTATGGCACTGGCGCTCTTGGACGCTGTTCGTTCTTTCAGAATTCGTCATCGTCCGCAAGAGCAACTGCGTTTGCGTATCGGTATTCACACCGGTCCGGTTTGTGCGGGCGTTGTCGGTCTGAAGATGCCACGTTATTGCCTGTTCGGTGATACGGTAAATACCGCGAGCCGCATGGAGTCCAACGGTGAAGCCCTTAAGATCCATCTAAGTAGCGAAACCAAAGCCGTGCTGGAGGAATTCGGTGGTTTTGAACTTGAGCTAAGAGGCGATGTGGAGATGAAAGGTAAAGGGAAAGTCCGTACGTACTGGCTGCTGGGCGAAAGGGGCTCTTCAACACGTGGCTAA
OPRM1_dna.fasta,ATGGATAGTTCAGCGGCACCCACAAATGCTTCTAACTGCACCGATGCCCTCGCCTATTCGTCATGTAGCCCGGCACCGAGCCCGGGATCCTGGGTTAATTTGAGCCATCTGGACGGCAACTTGTCTGATCCGTGTGGTCCAAATCGTACGGATCTGGGCGGTCGTGACAGCCTGTGTCCGCCTACTGGTTCCCCGTCTATGATCACTGCGATTACCATCATGGCTCTGTACAGCATTGTGTGCGTTGTGGGTTTGTTTGGCAACTTTTTGGTTATGTATGTGATTGTACGCTACACCAAAATGAAGACCGCGACGAACATTTATATCTTCAACCTCGCTCTGGCGGATGCACTTGCTACCAGCACCTTGCCGTTCCAGAGCGTTAACTATCTGATGGGTACATGGCCGTTCGGCACGATCCTGTGTAAAATTGTTATTAGCATTGATTATTACAATATGTTTACCTCTATCTTCACCTTGTGCACCATGAGCGTTGACCGTTACATCGCGGTGTGCCATCCGGTCAAGGCGCTGGACTTCCGCACCCCACGTAACGCAAAAATCATCAACGTGTGCAATTGGATTCTGTCCAGCGCGATAGGCCTGCCGGTCATGTTTATGGCGACCACGAAATACCGCCAGGGTTCCATCGACTGTACCTTGACCTTCAGCCACCCGACATGGTATTGGGAAAACTTGCTGAAGATCTGTGTGTTCATCTTCGCCTTTATCATGCCGGTGCTGATCATCACCGTTTGCTATGGTCTGATGATTTTACGTCTGAAGTCCGTACGTATGCTGTCTGGCAGCAAAGAGAAAGATCGTAATCTGAGACGTATCACCCGCATGGTTCTGGTCGTGGTGGCCGTTTTTATTGTTTGCTGGACCCCGATTCACATTTACGTCATCATCAAGGCACTGGTGACCATTCCGGAAACGACCTTCCAAACCGTTAGCTGGCATTTTTGCATTGCGCTGGGTTACACGAACAGCTGCCTGAATCCGGTTTTATACGCGTTTCTGGATGAGAACTTCAAGCGCTGCTTTCGTGAGTTCTGCATCCCGACTTCGAGCAATATTGAACAACAAAACTCGACCCGTATCCGTCAGAACACTCGCGACCACCCGTCGACTGCTAATACCGTTGACCGTACCAACCACCAGCTGGAGAACCTTGAGGCAGAAACCGCGCCACTGCCGTAA
pak1_dna.fasta,ATGTCAAATAACGGACTAGACATACAAGATAAACCACCGGCGCCACCTATGCGCAATACCAGCACCATGATCGGTGCGGGTTCGAAGGACGCTGGCACTCTGAACCACGGCTCTAAGCCGTTGCCGCCGAATCCGGAAGAAAAAAAGAAGAAGGATCGTTTCTATCGCAGCATTCTGCCGGGTGACAAAACCAATAAAAAGAAGGAGAAAGAACGTCCGGAGATCAGCTTACCGAGCGATTTCGAACACACCATTCACGTGGGTTTTGATGCCGTGACCGGTGAGTTCACCGGCATGCCGGAGCAGTGGGCGCGTCTGCTGCAAACCTCGAACATCACCAAATCCGAACAAAAAAAGAACCCGCAGGCCGTGCTGGACGTGCTGGAATTTTACAATAGCAAAAAGACCAGCAACTCCCAGAAATACATGAGCTTTACCGATAAAAGCGCGGAAGATTATAACAGCAGCAACGCGTTGAATGTTAAAGCTGTGTCCGAGACACCGGCAGTCCCGCCGGTTTCTGAAGATGAGGACGACGACGACGACGATGCTACCCCGCCGCCGGTCATTGCTCCACGTCCGGAGCACACCAAGTCCGTCTACACCCGCTCAGTCATCGAGCCGCTGCCGGTGACCCCTACCCGTGATGTTGCGACTAGCCCGATTAGCCCGACCGAAAATAACACGACCCCGCCAGATGCGCTCACGCGCAACACCGAAAAGCAGAAAAAGAAACCGAAAATGTCTGACGAGGAAATCCTGGAGAAGTTGAGATCGATCGTGTCTGTGGGCGACCCGAAGAAAAAGTACACCCGCTTCGAGAAGATCGGCCAAGGTGCGAGCGGTACGGTTTACACCGCAATGGACGTTGCGACTGGCCAAGAAGTTGCGATCAAACAGATGAACCTGCAACAGCAGCCGAAAAAGGAGCTGATAATCAATGAAATTTTGGTGATGCGTGAGAACAAGAACCCGAATATTGTTAATTATCTGGACAGCTATCTGGTTGGCGATGAACTGTGGGTTGTTATGGAATATCTTGCCGGCGGTTCTCTGACCGATGTGGTAACGGAAACGTGCATGGACGAGGGTCAAATTGCGGCGGTCTGTCGTGAGTGCCTGCAAGCGTTGGAATTCCTGCATAGCAACCAGGTGATCCACCGTGACATCAAATCCGACAACATTCTGCTGGGCATGGATGGTTCCGTGAAACTGACTGACTTCGGGTTCTGCGCACAGATTACCCCAGAGCAAAGCAAGAGGAGCACCATGGTAGGTACACCGTACTGGATGGCACCGGAGGTGGTTACCCGTAAAGCGTACGGTCCGAAGGTTGATATTTGGAGTCTGGGTATTATGGCCATCGAAATGATCGAGGGTGAACCGCCGTACCTTAACGAGAACCCGTTGCGCGCATTATATCTGATTGCGACGAATGGCACGCCGGAATTGCAAAACCCGGAGAAGCTCAGCGCTATTTTTCGTGATTTTCTGAACCGTTGTCTGGAAATGGATGTTGAAAAACGAGGTTCTGCCAAAGAGCTGTTGCAGCATCAGTTTCTGAAAATCGCGAAGCCGCTGTCCTCGTTAACCCCCCTAATCGCCGCTGCAAAGGAGGCAACGAAAAACAACCATTAA
PA_dna.fasta,ATGGAAGATTTCGTAAGGCAATGTTTTAATCCGATGATTGTTGAACTGGCTGAAAAGGCCATGAAAGAGTATGGTGAGGACCCAAAGATCGAGACGAACAAGTTCGCGGCAATTTGTACCCACCTCGAGGTGTGCTTTATGTATTCCGACTTCGGCAGCGGTGACCCGAATGCCTTGCTGAAACATCGTTTTGAAATTATTGAAGGCAGAGATCGTATTATGGCGTGGACCGTTGTTAATTCGATCTGCAACACCACGGGTGTGGAAAAACCGAAATTCCTTCCGGATTTGTACGACTACAAAGAGAACCGTTTCATCGAGATCGGCGTCACCCGTCGTGAAGTGCATATCTACTACCTGGAAAAGGCGAACAAAATCAAGTCCGAGAAGACCCACATCCACATTTTTAGCTTCACCGGCGAGGAGATGGCGACCAAAGCGGATTATACCCTGGACGAAGAGTCTCGCGCACGTATCAAGACTCGCCTGTTTACGATTCGTCAAGAAATGGCTAGCCGCTCTCTGTGGGATAGCTTTCGTCAGAGCGAGCGCGGTGAATAA
PDCD11_dna.fasta,ATGGCTAATCTAGAGGAATCATTTCCCAGGGGTGGCACGCGTAAGATTCACAAACCCGAAAAGGCATTTCAGCAGAGCGTGGAACAGGATAATCTGTTTGATATTAGCACCGAGGAGGGTAGCACTAAGCGCAAGAAATCTCAAAAAGGACCGGCTAAGACGAAAAAGCTGAAAATCGAAAAACGTGAAAGCTCGAAAAGCGCACGTGAGAAATTTGAGATCCTGTCGGTGGAAAGCCTTTGCGAAGGTATGCGTATCCTGGGTTGCGTTAAGGAGGTCAACGAACTGGAATTGGTTATTAGCTTGCCAAACGGTCTCCAGGGTTTTGTGCAAGTGACCGAGATTTGTGATGCATATACCAAGAAGTTGAATGAACAGGTTACCCAAGAGCAGCCGCTCAAAGATCTCCTTCACCTACCCGAACTGTTTAGTCCAGGCATGTTAGTTCGCTGCGTGGTTAGCAGCCTCGGTATTACCGATCGTGGTAAAAAGTCTGTGAAGTTGTCTTTAAACCCGAAGAACGTGAACCGCGTTTTGTCGGCGGAGGCACTCAAACCCGGTATGCTATTGACCGGTACTGTGTCTAGCTTAGAAGATCACGGTTATCTGGTTGATATTGGCGTTGACGGCACCCGTGCATTCCTGCCCCTACTCAAAGCTCAGGAATATATCCGTCAGAAGAATAAAGGAGCCAAATTGAAAGTGGGTCAGTACCTGAACTGCATTGTCGAAAAGGTGAAAGGTAACGGCGGTGTTGTCAGCCTGAGCGTAGGTCACTCGGAAGTTAGCACCGCAATCGCGACTGAACAACAGTCATGGAACCTGAACAATTTGCTGCCCGGTCTGGTTGTTAAGGCGCAGGTCCAGAAAGTGACCCCGTTTGGTTTGACCCTGAATTTTCTTACATTCTTCACCGGCGTGGTTGACTTTATGCATCTGGATCCCAAGAAGGCTGGCACGTACTTCTCCAATCAGGCTGTGAGAGCATGTATACTGTGCGTTCATCCGCGTACCCGCGTTGTGCATCTGAGCCTGCGCCCGATTTTTCTGCAACCGGGTCGTCCTCTCACCCGCCTGAGCTGCCAGAATCTGGGTGCGGTACTGGACGACGTTCCGGTTCAAGGTTTCTTCAAGAAGGCCGGTGCAACCTTCCGCCTGAAAGACGGAGTCTTGGCGTACGCGCGCCTGAGCCATCTGAGCGATTCCAAGAACGTTTTCAACCCGGAGGCGTTTAAACCGGGCAACACCCATAAATGCCGTATTATCGACTATAGCCAGATGGACGAGCTGGCGCTGCTCTCTCTGCGCACCTCCATTATCGAAGCTCAATACCTGCGTTACCATGATATCGAACCGGGTGCGGTGGTCAAAGGTACCGTTTTGACCATCAAGAGCTACGGTATGCTGGTTAAGGTGGGCGAGCAGATGCGTGGTTTGGTGCCTCCGATGCACCTGGCGGATATCTTGATGAAAAACCCGGAGAAGAAATACCATATTGGCGACGAGGTAAAGTGCAGAGTCCTGCTGTGCGATCCGGAGGCGAAAAAGCTGATGATGACCCTGAAGAAAACGCTGATCGAAAGTAAGCTACCGGTCATCACCTGTTATGCCGACGCGAAGCCGGGTTTACAGACGCATGGTTTCATTATCCGCGTTAAGGATTATGGCTGTATTGTTAAGTTCTATAACAACGTGCAAGGTCTAGTTCCAAAACATGAACTTTCCACGGAGTACATTCCGGACCCGGAGCGTGTTTTCTACACCGGACAGGTTGTAAAAGTCGTGGTTTTGAACTGCGAGCCGAGTAAGGAGCGCATGCTGCTGTCCTTTAAACTGTCGAGTGATCCGGAACCGAAAAAGGAGCCGGCGGGTCATTCCCAAAAAAAGGGTAAGGCGATCAATATTGGCCAGCTCGTGGACGTCAAAGTGCTAGAGAAAACCAAAGACGGCCTCGAGGTTGCGGTACTTCCGCATAATATTCGTGCCTTCCTCCCGACCAGCCACCTGAGCGATCACGTGGCAAATGGTCCGCTGCTGCATCATTGGCTGCAGGCAGGCGACATATTGCACCGTGTTTTATGCCTGTCCCAGAGCGAAGGTCGTGTCTTGCTCTGCCGCAAGCCGGCTTTAGTTTCTACCGTTGAAGGCGGTCAGGACCCGAAAAACTTCTCCGAAATCCACCCGGGCATGTTGCTGATTGGTTTCGTCAAGTCGATTAAGGATTACGGCGTGTTTATCCAATTTCCTAGCGGTTTGTCCGGCCTGGCTCCGAAAGCGATTATGTCCGATAAATTCGTCACTTCGACCTCGGATCACTTTGTTGAGGGCCAAACCGTGGCCGCGAAAGTGACCAACGTTGACGAAGAAAAGCAACGTATGCTGCTCTCCCTGCGTCTGTCTGACTGTGGTCTGGGCGACTTGGCGATTACCAGCCTACTGCTGTTGAATCAATGTCTGGAGGAGTTGCAAGGCGTTCGTAGTCTGATGAGCAATCGCGATAGCGTGCTTATCCAGACCCTGGCCGAAATGACGCCGGGTATGTTTCTCGACCTGGTTGTTCAGGAGGTCTTGGAAGATGGTTCGGTGGTTTTTTCCGGTGGCCCGGTGCCGGACCTGGTTCTCAAAGCCTCCCGTTACCATCGCGCGGGCCAAGAGGTAGAGAGCGGCCAGAAGAAGAAAGTTGTCATTTTAAACGTTGACCTCCTTAAGTTGGAGGTGCACGTAAGCCTGCACCAGGACCTGGTGAACCGTAAAGCACGTAAACTACGGAAAGGCTCTGAACACCAAGCAATCGTTCAGCATTTGGAAAAATCCTTTGCCATTGCGAGCCTGGTTGAAACCGGTCATCTGGCTGCGTTTAGCCTGACCTCTCACTTAAACGACACCTTCCGCTTTGATTCCGAGAAATTGCAGGTTGGGCAAGGCGTGAGCTTGACTCTGAAGACAACCGAACCTGGTGTGACCGGCCTCCTGTTAGCAGTGGAGGGTCCGGCTGCGAAGCGTACAATGCGTCCGACCCAGAAAGACAGCGAAACCGTGGATGAAGACGAGGAGGTGGACCCGGCGTTAACCGTGGGCACCATCAAGAAACACACCCTTTCTATTGGCGACATGGTGACCGGCACCGTGAAATCCATCAAGCCGACCCACGTGGTGGTTACTCTCGAGGACGGCATCATTGGCTGCATCCACGCCAGCCACATTCTCGATGACGTGCCGGAGGGCACGAGCCCGACGACCAAACTCAAAGTCGGCAAGACCGTGACGGCTCGCGTGATCGGAGGTCGTGATATGAAAACCTTCAAGTACCTGCCGATCAGCCACCCGCGTTTCGTTCGTACAATCCCGGAGCTGAGCGTGAGACCTAGCGAGCTGGAAGACGGTCATACCGCGCTGAACACCCACAGTGTCAGTCCGATGGAAAAGATCAAACAATATCAGGCCGGCCAGACCGTTACGTGCTTTCTGAAGAAGTATAATGTTGTGAAAAAGTGGCTGGAAGTGGAGATCGCGCCGGACATTCGTGGTCGCATCCCCCTGTTGCTTACCTCGCTGTCGTTCAAAGTGCTGAAGCACCCGGACAAAAAGTTCCGCGTAGGCCAGGCGCTGCGTGCGACTGTGGTGGGACCGGACTCCAGCAAGACGCTGCTGTGCCTGTCCCTGACGGGTCCGCATAAATTAGAAGAGGGTGAAGTAGCCATGGGTCGAGTTGTTAAGGTGACCCCGAATGAGGGTTTGACCGTTAGCTTTCCGTTTGGTAAAATCGGTACAGTGTCCATCTTCCATATGAGCGACTCATACAGCGAAACGCCGCTGGAAGATTTTGTTCCGCAGAAAGTGGTCCGCTGTTATATCTTGTCGACTGCGGACAACGTTCTGACCCTGAGTTTGCGCAGTAGCCGTACCAATCCGGAAACCAAATCTAAGGTTGAAGACCCAGAGATCAACAGCATTCAGGATATTAAAGAAGGCCAGCTGCTGCGCGGCTATGTTGGCTCTATCCAACCGCATGGTGTGTTCTTTCGCTTAGGTCCGAGCGTCGTCGGTCTGGCCCGTTACAGCCATGTGTCGCAACATAGCCCGAGTAAGAAGGCACTGTATAACAAACACCTGCCAGAGGGCAAGCTGCTGACCGCGCGAGTACTGCGTCTGAATCATCAAAAGAATCTGGTCGAGCTGAGCTTCTTGCCGGGCGATACCGGTAAACCGGATGTGCTGTCTGCATCCTTGGAGGGCCAACTCACGAAACAAGAAGAGCGCAAAACTGAAGCTGAAGAGCGCGACCAGAAAGGTGAAAAAAAGAACCAAAAACGTAATGAAAAGAAAAACCAAAAAGGTCAAGAAGAAGTTGAAATGCCGAGCAAGGAGAAGCAACAACCGCAGAAGCCGCAAGCTCAAAAACGTGGCGGTCGTGAATGCAGAGAGAGCGGTTCTGAGCAAGAGAGAGTCTCTAAGAAGCCAAAAAAGGCAGGTCTGAGCGAGGAAGACGACTCTCTGGTTGACGTGTATTACCGAGAGGGAAAAGAGGAGGCGGAAGAAACGAACGTGTTACCGAAGGAGAAACAGACAAAACCGGCGGAAGCGCCACGCCTGCAACTGTCCTCTGGCTTCGCCTGGAATGTGGGCCTGGATAGCCTCACCCCGGCGTTACCACCGCTGGCGGAAAGCAGCGATTCAGAGGAAGATGAAAAACCGCACCAGGCCACCATCAAGAAGTCGAAGAAGGAGCGTGAACTAGAGAAACAAAAGGCTGAAAAAGAGCTGTCTCGTATTGAAGAGGCACTCATGGATCCGGGGCGTCAGCCGGAAAGCGCGGACGATTTCGATCGTCTGGTGCTTAGCTCTCCGAACAGCTCAATCCTGTGGTTACAGTACATGGCATTCCACTTGCAGGCGACCGAAATTGAGAAGGCGCGTGCGGTTGCGGAGCGTGCTCTGAAAACCATCAGTTTCCGCGAGGAACAGGAAAAACTGAACGTGTGGGTTGCCCTGTTGAACCTGGAAAACATGTATGGTTCCCAAGAATCGTTGACCAAGGTCTTCGAACGCGCGGTTCAGTACAATGAGCCGCTGAAGGTGTTTCTGCACTTAGCGGACATCTACGCGAAGAGCGAAAAATTTCAAGAAGCGGGCGAGCTGTATAACCGTATGCTGAAGCGTTTCCGCCAAGAAAAGGCCGTTTGGATTAAATACGGTGCTTTCCTCCTGCGTCGTTCTCAAGCGGCCGCGAGCCACCGTGTGTTGCAGCGTGCTCTGGAGTGCCTGCCGAGCAAAGAGCACGTAGACGTGATAGCGAAATTTGCGCAACTGGAGTTCCAGCTGGGCGATGCGGAGCGTGCTAAGGCGATCTTCGAGAACACCCTGTCCACCTACCCGAAACGTACCGATGTGTGGAGCGTTTATATTGATATGACCATTAAGCACGGCAGCCAGAAGGACGTGCGTGACATCTTTGAACGAGTTATTCATTTAAGCCTTGCCCCGAAACGTATGAAATTCTTCTTCAAGCGTTACCTGGACTACGAAAAGCAGCATGGTACCGAAAAAGACGTGCAGGCTGTGAAAGCGAAGGCGCTGGAATACGTTGAGGCTAAATCCTCCGTCCTGGAAGATTAA
PEA_dna.fasta,GCTGAAGAGGCATTTGATCTATGGAATGAATGCGCCAAAGCGTGTGTTCTCGACCTGAAAGATGGTGTGCGTAGCTCCCGTATGAGCGTTGATCCGGCGATAGCGGACACGAACGGTCAGGGCGTCTTACACCATAGCATGGTTTTGGAGGGTGGTAACGATGCGCTTAAGCTGGCGTTTGATAATGCTCTCTCTATCACCAGCGATGGCCTGACCATTCGTCTAGAGGGTGGCGTGGAGCCCAACAAGAAAGTGCGTTATTCATATACCCGTCAAGCACGCGGCTCTTGGAGCCTGAATTGGCTGGTGCCGATTGGCCATGAAAAACCGAGCAATATTAAAGTGTTCATCCACGAGCTGAACGCAGGCAACCAGCTGAGCCACATGTCGCCGATTTACACCATTGAAATGGGTGACGAGCTGCTGGCTAAGCTGGCACGTGATGCGACCTTCTTCGTTAGAGCACACGAATCCAACGAAATGCAGCCGACCCTGGCGATCTCTCACGCCGGCGTGTCCGTGGTAATGGCACAAGCGCAGCCGCGTCGTGAGAAGCGCTGGTCAGAATGGGCATCCGGTAAGGTGCTGTGCCTGCTGGACCCGCTGGACGGCGTCTATAACTATCTGGCCCAGCAGCGTTGTAATCTGGATGATACCTGGGAAGGCAAGATCTACCGCGTGCTGGCGGGTAATCCAGCTAAACACGATTTAGACATCAAACCGACGGTGATCAGCCATCGGCTGCACTTTCCGGAGGGCGGGTCCTTGGCGGCCTTAACCGCGCACCAGGCCTGCCATCTCCCGCTGGAAACCTTCACCCGTCATCGTCAGCCGCGTGGTTGGGAACAGTTGGAGCAATGTGGTTACCCGGTACAGCGTTTGGTTGCACTGTATCTGGCGGCTCGTCTGAGCTGGAATCAAGTTGATCAGGTCATCCGGAACGCTCTCGCGAGTCCGGGTAGCGGCGGTGACCTTGGCGAAGCGATTCGCGAACAGCCGGAGCAAGCCCGCTTGGCGTTGACCCTGGCTGCTGCGGAGAGCGAACGTTTTGTGCGTCAAGGTACTGGCAACGACGAGGCAGGCGCGGCGTCGGCGGATGTTGTTTCCCTGACGTGCCCGGTTGCAGCGGGTGAGTGCGCAGGCCCGGCGGACAGCGGAGACGCTTTGCTGGAGCGCAACTACCCGACCGGTGCGGAATTTCTGGGCGACGGCGGCGACGTTTCTTTTAGCACGCGTGGCACCCAGAATTGGACCGTCGAGCGCTTGCTGCAGGCTCACCGCCAACTGGAGGAAAGGGGCTACGTTTTCGTGGGTTACCATGGTACTTTCCTGGAGGCGGCTCAAAGCATTGTTTTTGGTGGTGTGCGTGCTCGTAGCCAGGATTTGGACGCCATCCGCCGTGGCTTCTATATTGCCGGGGACCCGGCGCTGGCGTATGGTTACGCGCAAGATCAAGAGCCGGACGCGCGCGGCCGTATTCGTAACGGTGCATTGCTGCGTGTTTACGTGCCACGCTGGTCTCTGCCTGGTTTCTACCGTACTGGTCTGACACTAGCGGCACCGGAAGCGGCTGGCGAAGTTGAGCGTCTGATTGGTCATCCGTTGCCACTCCGCCTTGACGCCATCACCGGCCCAGAGGAAGAGGGTGGGCGTTTGGAAACCATCCTGGGTTGGCCGTTGGCTGAACGCACCGTGGTTATCCCGAGCGCGATCCCAACGGATCCGAGAAACGTGGGTGGTGACCTCGACCCGTCGAGCATCCCGGATAAAGAACAAGCGATCAGCGCGCTTCCGGATTATGCCTCGCAACCGGGTAAGCCGCCTCGTGAAGATTTAAAG
PIM1_dna.fasta,ATGTTGTTAAGTAAAATAAATTCACTAGCTCACCTGCGTGCGGCGCCGTGTAATGATCTGCACGCTACCAAACTGGCGCCAGGTAAAGAGAAAGAACCGCTGGAATCCCAATATCAAGTGGGTCCTTTGCTGGGTAGTGGCGGCTTTGGCTCTGTTTACAGCGGCATCCGCGTGTCGGACAACCTGCCTGTTGCAATTAAGCACGTGGAAAAAGACCGTATTTCCGATTGGGGTGAGCTGCCGAACGGCACCCGTGTCCCGATGGAAGTAGTTCTGTTGAAGAAGGTGTCTAGCGGCTTCAGCGGCGTTATTCGCCTGTTAGATTGGTTTGAACGTCCGGATAGCTTTGTTTTGATCTTGGAGCGTCCGGAACCGGTCCAGGACCTGTTTGACTTCATCACCGAGCGCGGTGCCTTACAAGAGGAGCTGGCCCGTTCCTTCTTCTGGCAAGTATTGGAGGCGGTTCGTCATTGCCATAACTGCGGTGTTTTGCACCGTGATATCAAGGACGAGAACATCCTGATCGACCTGAATCGTGGTGAATTGAAGCTCATCGACTTCGGTAGCGGGGCATTGCTTAAGGACACCGTTTACACCGATTTCGACGGCACGCGCGTGTATTCCCCACCGGAGTGGATTCGCTACCACCGTTACCATGGTCGTAGCGCAGCGGTGTGGAGCCTGGGCATCCTGCTGTATGATATGGTGTGCGGTGATATTCCGTTTGAACATGATGAGGAGATCATTCGTGGTCAGGTGTTCTTCCGCCAGCGTGTCTCGTCTGAATGTCAGCATCTGATCCGCTGGTGCCTGGCGCTGAGACCGAGCGACCGACCGACGTTTGAGGAAATTCAGAATCATCCGTGGATGCAAGACGTTCTGTTGCCGCAGGAGACTGCTGAAATTCACCTGCACAGCCTGAGCCCGGGTCCGTCCAAATAA
PLK1_dna.fasta,ATGTCAGCGGCAGTAACAGCTGGAAAACTAGCTCGCGCGCCGGCGGATCCGGGTAAAGCCGGTGTTCCGGGTGTGGCGGCGCCAGGTGCGCCTGCGGCAGCTCCACCGGCGAAGGAAATCCCGGAGGTTCTCGTGGACCCGAGATCTCGCCGCCGTTACGTGCGTGGTCGCTTTTTGGGCAAGGGTGGTTTCGCGAAGTGCTTTGAGATTAGCGACGCTGATACCAAGGAGGTTTTCGCCGGTAAGATCGTTCCGAAATCGCTCCTGCTGAAACCGCATCAACGTGAGAAAATGAGTATGGAAATCAGCATCCACCGTTCTCTGGCGCATCAACATGTTGTCGGATTCCACGGTTTCTTCGAGGACAACGATTTCGTGTTCGTTGTGCTGGAACTGTGCCGTCGCCGCTCTCTGCTGGAACTGCATAAACGTCGAAAGGCGCTGACTGAGCCGGAAGCCCGTTACTACCTGCGTCAAATTGTTTTGGGCTGCCAGTACCTTCACCGCAACAGAGTGATTCACCGTGATCTGAAGTTGGGCAACCTGTTTCTGAATGAGGACCTGGAGGTCAAAATCGGCGACTTCGGTCTCGCGACCAAGGTGGAATATGATGGCGAGCGTAAGAAAACCTTGTGTGGTACACCGAATTATATCGCACCGGAGGTCCTGTCGAAAAAGGGTCACAGCTTTGAAGTCGACGTTTGGAGCATTGGTTGCATTATGTACACTCTGCTGGTAGGCAAACCACCGTTCGAAACCTCCTGCCTGAAGGAGACATACTTACGTATTAAGAAGAACGAGTACAGCATCCCGAAACATATTAATCCGGTTGCTGCGTCTTTGATCCAGAAGATGCTGCAAACCGACCCGACCGCGCGTCCCACCATTAACGAATTGCTCAATGATGAATTTTTCACCAGCGGCTATATCCCGGCGCGTCTGCCGATCACGTGCCTGACCATTCCACCGCGCTTCAGCATCGCGCCGAGCAGCCTGGATCCTAGCAACCGCAAACCGCTGACCGTTCTGAATAAAGGCCTTGAGAACCCGCTCCCGGAGCGTCCGCGTGAGAAGGAGGAACCGGTTGTTCGTGAGACCGGTGAGGTGGTGGACTGTCACCTCTCGGACATGTTGCAGCAGCTGCATAGCGTCAACGCAAGCAAACCATCCGAGCGTGGCTTGGTGCGCCAGGAAGAAGCTGAAGATCCGGCGTGTATCCCGATCTTTTGGGTTTCAAAATGGGTGGACTACTCTGACAAATATGGTCTGGGCTACCAGTTATGCGATAACAGCGTGGGTGTGCTGTTTAACGACAGCACCCGTCTCATCCTGTATAACGACGGCGACAGTCTGCAATATATTGAACGCGATGGTACGGAAAGCTATTTGACGGTCAGCTCCCATCCGAACTCCCTGATGAAAAAGATCACCCTGCTGAAGTACTTCCGTAACTACATGAGCGAGCACCTGCTGAAGGCAGGCGCAAATATTACTCCGAGAGAAGGCGACGAGCTTGCGCGCTTACCGTATTTGCGTACCTGGTTTAGAACCCGTAGCGCAATTATCCTTCACCTGAGCAATGGTTCCGTACAGATTAACTTTTTTCAGGATCACACCAAACTGATCCTGTGTCCGCTGATGGCAGCTGTGACCTACATCGATGAAAAGCGTGACTTCAGGACGTATCGTCTCAGCTTGCTTGAGGAATACGGCTGCTGCAAAGAACTTGCCTCCCGTCTGCGCTATGCCCGAACCATGGTTGATAAACTACTGAGCTCTCGTTCAGCATCTAACCGTTTGAAGGCGTCCTAA
PTP4A3_dna.fasta,TCTTCACATCACCATCACCACCACAGCAGTGGCGAAAACCTGTATTTCCAGGGTATGGCGCGTATGAATCGTCCGGCGCCAGTCGAGGTTAGCTATAAACACATGCGTTTCCTGATCACCCACAACCCGACCAATGCGACGCTGTCTACGTTTATTGAAGACCTGAAGAAGTACGGCGCTACCACCGTTGTGAGAGTTTGTGAAGTTACCTACGACAAAACTCCGTTGGAGAAGGACGGCATTACCGTGGTGGATTGGCCGTTTGATGATGGCGCGCCGCCCCCGGGTAAGGTGGTGGAGGACTGGCTGTCCCTGGTTAAGGCTAAGTTCTGCGAGGCTCCGGGTAGCTGCGTGGCCGTTCACTGCGTTGCGGGTCTTGGCCGTGCACCGGTATTGGTCGCCCTGGCATTAATCGAGTCGGGTATGAAATACGAAGACGCGATTCAATTTATCCGCCAGAAGCGCCGCGGTGCGATCAACAGCAAACAACTGACCTACTTGGAAAAGTATCGTCCGAAACAGCGCCTGCGTTTCAAAGATCCGCATACCCATAAAACGCGT
RPS6KB1_dna.fasta,ATGCGTCGGAGGAGAAGGCGAGATGGATTTTACCCGGCACCGGACTTCCGCGATCGTGAGGCGGAAGACATGGCGGGCGTGTTCGACATCGACCTGGATCAGCCGGAGGACGCTGGCTCGGAGGACGAACTGGAAGAAGGCGGCCAGCTGAACGAAAGCATGGACCACGGCGGGGTGGGTCCGTACGAGCTGGGTATGGAGCATTGCGAGAAATTCGAGATCAGCGAAACCAGCGTTAATAGAGGTCCGGAGAAGATTCGCCCAGAGTGCTTCGAGCTCCTACGCGTGTTGGGCAAGGGTGGCTACGGCAAAGTTTTCCAAGTGCGCAAGGTGACGGGTGCGAACACCGGTAAAATTTTCGCCATGAAAGTGCTGAAGAAGGCTATGATCGTTCGTAACGCCAAAGATACCGCGCATACCAAAGCTGAGCGCAACATCTTGGAGGAGGTTAAGCACCCGTTCATCGTGGACTTAATTTACGCTTTTCAAACGGGTGGTAAGCTGTATCTGATCTTGGAGTACCTCTCCGGCGGTGAATTGTTTATGCAGCTGGAACGTGAAGGTATTTTTATGGAAGACACCGCGTGTTTTTATCTGGCGGAGATCTCCATGGCACTGGGCCACCTTCACCAAAAAGGCATCATTTATCGTGACCTGAAGCCGGAAAACATTATGCTGAATCATCAGGGTCACGTGAAACTGACCGATTTTGGTCTTTGCAAAGAAAGCATTCATGATGGTACTGTAACACATACCTTTTGTGGTACAATTGAATACATGGCCCCAGAGATCTTGATGCGTAGCGGTCACAACCGCGCAGTTGATTGGTGGAGCCTGGGCGCTCTGATGTATGATATGTTGACGGGCGCCCCACCGTTCACCGGCGAGAACCGTAAAAAGACCATTGATAAAATTTTGAAGTGCAAGTTGAATCTGCCGCCGTACTTGACCCAAGAAGCGCGGGACTTGCTTAAGAAGTTGCTTAAACGTAACGCGGCAAGCCGTCTGGGTGCCGGTCCGGGTGATGCGGGCGAAGTTCAGGCACACCCTTTCTTTCGTCATATAAACTGGGAAGAACTGCTGGCGCGTAAAGTCGAACCGCCGTTCAAACCGCTGCTGCAGAGCGAGGAGGACGTTAGCCAGTTTGATTCCAAATTCACGCGTCAAACCCCTGTTGACTCTCCGGATGATAGCACCCTGTCCGAGTCCGCGAACCAAGTGTTCCTGGGTTTTACCTATGTTGCGCCATCCGTGCTAGAGTCTGTTAAAGAAAAGTTCTCTTTTGAACCGAAGATCCGTAGCCCGCGTCGTTTTATCGGCAGTCCGCGTACCCCGGTCAGCCCGGTTAAATTCAGCCCGGGCGATTTCTGGGGTCGTGGTGCGTCGGCCTCTACTGCGAATCCGCAGACCCCGGTCGAGTATCCGATGGAAACTTCAGGCATCGAGCAGATGGACGTCACCATGAGCGGTGAAGCTTCGGCGCCGTTACCGATTCGACAACCGAATAGCGGTCCGTACAAAAAGCAGGCGTTCCCGATGATCTCCAAGCGCCCTGAGCACCTGCGCATGAATCTGTAA
SMARCD1_dna.fasta,ATGGCGGCAAGGGCTGGATTTCAATCAGTAGCTCCGAGCGGTGGCGCAGGTGCGTCTGGTGGTGCTGGTGCGGCTGCCGCGCTGGGCCCGGGTGGTACACCGGGTCCGCCGGTTCGCATGGGCCCGGCGCCGGGACAAGGTTTGTACCGCAGCCCGATGCCGGGTGCTGCGTATCCGCGTCCGGGCATGCTGCCGGGCAGCCGTATGACCCCCCAAGGTCCGAGCATGGGTCCGCCGGGCTATGGTGGCAACCCGTCCGTGCGTCCGGGCCTGGCGCAGTCTGGCATGGACCAGAGCCGTAAACGTCCGGCGCCACAGCAGATCCAGCAAGTTCAGCAACAAGCGGTGCAGAATCGTAACCACAACGCCAAGAAGAAGAAGATGGCAGACAAAATTCTGCCTCAACGTATTCGTGAGCTCGTGCCGGAAAGCCAGGCGTATATGGACCTGTTGGCGTTTGAAAGAAAGCTGGACCAGACCATTATGCGTAAGAGACTCGACATCCAAGAGGCTCTTAAGCGCCCTATCAAGCAAAAGCGCAAGTTGCGTATCTTTATCAGCAACACCTTCAACCCGGCGAAAAGCGATGCCGAAGATGGCGAAGGTACGGTTGCATCCTGGGAACTCCGTGTTGAGGGTCGTCTGTTGGAGGACAGCGCACTGTCGAAATACGATGCCACCAAACAGAAGCGCAAGTTCTCTTCCTTCTTTAAGTCCCTGGTCATTGAATTGGACAAAGATCTGTACGGGCCGGATAACCACCTGGTCGAGTGGCATCGTACGGCGACCACCCAAGAAACCGACGGCTTTCAGGTGAAACGTCCGGGTGATGTTAATGTTCGCTGCACCGTACTGTTGATGCTGGACTACCAGCCGCCGCAATTTAAACTGGACCCGAGACTGGCGCGTCTGCTGGGCATTCACACCCAGACCCGTCCGGTGATTATTCAAGCTCTTTGGCAGTATATCAAAACCCACAAATTGCAAGATCCTCATGAACGTGAATTCGTGATCTGCGACAAGTACCTGCAGCAGATCTTCGAGTCACAGCGCATGAAATTCAGCGAAATCCCGCAGCGCCTGCATGCACTGTTAATGCCGCCCGAGCCGATAATCATTAACCACGTGATCAGCGTTGATCCGAATGATCAGAAAAAAACGGCCTGCTATGACATTGATGTCGAAGTTGATGATACCCTGAAAACTCAAATGAATTCTTTTCTGTTATCCACCGCGTCCCAACAAGAGATCGCGACTCTGGACAACAAAACGATGACGGACGTGGTTGGTAATCCGGAGGAAGAGCGTCGGGCAGAGTTTTACTTCCAGCCATGGGCACAGGAGGCGGTGTGTCGTTATTTCTACAGCAAGGTGCAACAACGCCGTCAGGAACTTGAGCAGGCCCTCGGCATCCGCAACACCTAA
TAP1_dna.fasta,ATGGCAAGTTCAAGATGTCCAGCTCCCAGGGGCTGCCGTTGCCTACCAGGCGCTTCTCTGGCGTGGCTGGGCACTGTCCTCCTCTTGCTGGCTGACTGGGTTTTGTTGCGTACCGCGCTGCCGCGTATTTTTTCCCTCCTGGTTCCGACGGCTCTGCCGCTCCTACGTGTGTGGGCCGTGGGCTTGTCTCGCTGGGCGGTTCTGTGGCTGGGTGCATGTGGTGTCCTGCGTGCCACCGTAGGCTCCAAATCGGAGAACGCCGGTGCTCAGGGTTGGCTGGCGGCTCTTAAGCCGCTGGCGGCGGCTTTGGGCCTGGCGTTGCCAGGTCTGGCTCTGTTTCGTGAGCTGATTAGCTGGGGTGCGCCAGGCTCGGCCGATTCCACGCGTCTGCTTCATTGGGGCAGCCACCCGACTGCGTTTGTTGTCAGCTACGCAGCGGCGCTCCCGGCAGCGGCATTATGGCATAAACTGGGGTCCCTGTGGGTCCCGGGTGGCCAAGGTGGTAGCGGAAACCCGGTTCGTCGTCTGCTGGGCTGCCTGGGATCCGAAACCCGTCGCTTGTCACTCTTCCTGGTGCTTGTGGTGTTGAGCTCCCTCGGTGAAATGGCGATCCCGTTTTTTACGGGTCGTCTGACCGATTGGATTCTGCAGGATGGTTCTGCGGACACTTTCACCCGTAATTTGACCTTGATGAGCATCCTGACGATTGCCAGCGCAGTGTTAGAGTTTGTGGGTGATGGGATTTATAACAACACCATGGGTCATGTCCACAGCCACTTGCAGGGTGAGGTTTTTGGTGCCGTGCTGCGCCAAGAGACTGAGTTCTTTCAGCAGAACCAAACCGGCAACATTATGTCGCGCGTTACCGAAGATACCAGCACCCTTTCTGATAGCCTGAGCGAGAACCTGTCCTTGTTCCTGTGGTACCTGGTGCGCGGTCTGTGTCTGCTGGGCATCATGCTGTGGGGCAGCGTTTCCCTGACGATGGTTACCCTTATCACCCTGCCGTTGCTCTTCCTGCTGCCGAAAAAGGTGGGCAAGTGGTACCAACTGTTAGAGGTTCAGGTGAGAGAAAGCCTGGCGAAATCCAGCCAGGTGGCGATCGAAGCATTGTCAGCCATGCCGACCGTTCGTTCGTTCGCCAACGAGGAAGGCGAAGCGCAGAAGTTCCGCGAAAAGCTGCAAGAAATTAAAACCCTGAATCAGAAAGAAGCGGTGGCCTACGCAGTTAATAGCTGGACTACCTCTATATCCGGTATGCTGCTGAAAGTTGGTATCCTATACATCGGCGGCCAATTGGTTACGAGCGGGGCTGTGTCAAGCGGCAATCTGGTGACCTTCGTTCTGTATCAAATGCAGTTCACCCAAGCGGTAGAGGTTTTGCTGTCCATTTACCCACGCGTGCAAAAAGCGGTAGGTTCAAGCGAGAAGATCTTCGAGTATCTCGACCGTACCCCGCGCTGCCCGCCTAGCGGCCTATTAACACCGCTGCACCTGGAGGGTTTGGTCCAATTCCAAGACGTGTCTTTTGCGTACCCGAATCGTCCGGATGTTTTGGTGCTGCAAGGCCTTACGTTTACCCTGCGTCCGGGTGAAGTGACCGCATTAGTTGGTCCGAATGGTAGTGGCAAGAGTACCGTAGCTGCGTTGCTTCAAAACCTGTACCAGCCGACCGGTGGCCAGCTACTCCTGGACGGCAAACCCCTGCCACAGTATGAGCACCGCTATCTGCACAGACAAGTTGCGGCGGTGGGTCAGGAGCCGCAGGTCTTCGGTCGTAGCCTGCAAGAAAACATCGCGTATGGTCTGACCCAGAAGCCGACCATGGAAGAGATCACGGCGGCGGCGGTGAAGTCCGGCGCACATAGCTTTATCTCTGGTCTGCCCCAAGGTTATGACACCGAGGTCGACGAAGCCGGTTCTCAGTTGTCGGGCGGACAGCGCCAGGCGGTGGCTCTGGCCCGTGCACTGATCCGTAAACCGTGTGTTCTGATCTTGGATGATGCAACCTCTGCGCTCGACGCTAACAGCCAACTCCAAGTCGAACAGCTGCTGTACGAGAGCCCGGAACGTTACAGCCGTAGCGTGCTGTTGATCACGCAGCACCTGTCTCTGGTGGAGCAGGCGGACCACATTCTGTTCCTGGAGGGCGGAGCGATTCGCGAGGGTGGCACCCATCAGCAACTGATGGAAAAGAAAGGTTGCTATTGGGCAATGGTTCAGGCTCCGGCTGACGCTCCGGAATAA
TAS2R10_dna.fasta,ATGCTAAGGGTAGTTGAAGGAATATTTATTTTCGTGGTTGTTAGCGAGAGCGTTTTTGGCGTGCTTGGCAACGGCTTCATCGGCCTGGTTAATTGCATCGACTGTGCGAAGAACAAGCTGTCGACCATTGGCTTCATCTTGACTGGTCTTGCCATTAGCCGTATTTTCTTGATCTGGATTATCATTACCGATGGTTTCATCCAGATTTTTTCCCCGAATATCTATGCCTCAGGTAACCTGATCGAGTACATCTCCTATTTCTGGGTTATTGGTAACCAGTCTAGCATGTGGTTCGCTACCAGCCTGAGCATTTTCTACTTCCTTAAGATCGCGAATTTTAGCAACTACATTTTCCTGTGGCTGAAAAGCCGTACCAACATGGTTCTGCCGTTTATGATCGTGTTTTTATTGATATCCAGCCTGCTCAACTTTGCGTATATTGCTAAAATTTTGAACGACTACAAGACGAAAAACGATACCGTTTGGGATCTGAATATGTATAAGTCTGAGTACTTCATCAAACAAATTCTGTTGAATCTGGGCGTAATCTTCTTTTTTACCCTGTCCCTGATCACGTGCATTTTCCTGATTATTTCCTTGTGGCGTCACAACCGCCAGATGCAGTCCAACGTGACCGGTTTGAGAGACAGCAACACCGAAGCGCACGTGAAAGCAATGAAAGTCCTCATTTCTTTTATCATCTTGTTTATCTTATATTTTATCGGCATGGCGATTGAGATCTCTTGTTTTACGGTGCGTGAAAACAAGCTGCTCCTGATGTTTGGTATGACCACCACTGCGATCTACCCGTGGGGTCATAGCTTCATCCTAATCCTGGGTAATAGCAAACTGAAGCAGGCATCGCTGCGCGTCCTGCAACAACTGAAGTGCTGCGAAAAACGTAAAAATCTGCGCGTGACTTAA
UBTF_dna.fasta,ATGAATGGAGAAGCTGACTGTCCCACAGATCTGGAAATGGCGGCGCCAAAGGGTCAGGACCGTTGGAGCCAAGAGGACATGCTGACGTTGCTTGAGTGCATGAAGAACAACCTGCCGAGCAACGACAGCAGCAAATTCAAGACGACGGAAAGCCATATGGATTGGGAAAAGGTGGCATTTAAAGACTTCTCTGGTGATATGTGCAAACTTAAATGGGTTGAAATCTCCAACGAGGTTAGAAAGTTCCGCACCTTGACTGAGTTAATCCTGGACGCGCAAGAACATGTTAAAAACCCGTATAAAGGCAAGAAACTGAAAAAGCACCCAGATTTCCCGAAAAAACCTCTGACTCCGTATTTTAGATTCTTTATGGAGAAGCGCGCTAAATACGCAAAACTGCATCCCGAAATGAGCAACCTGGATTTGACCAAGATCCTGTCTAAAAAATACAAGGAACTGCCGGAGAAGAAGAAGATGAAGTACATTCAGGATTTTCAGCGTGAAAAACAGGAGTTCGAACGTAATCTGGCTCGTTTCCGTGAAGACCACCCGGATTTGATCCAGAATGCAAAGAAGTCGGACATCCCGGAAAAGCCGAAAACCCCGCAACAACTGTGGTATACCCATGAAAAAAAGGTGTATCTCAAGGTGCGTCCGGATGCCACCACCAAAGAGGTAAAGGACTCTCTGGGTAAACAGTGGTCACAACTGAGCGATAAAAAAAGACTGAAATGGATCCACAAAGCGCTGGAACAACGTAAAGAATACGAAGAGATCATGCGTGATTACATTCAGAAGCACCCAGAGTTGAACATTTCCGAGGAGGGTATTACCAAATCTACACTGACCAAGGCGGAACGCCAGTTGAAGGACAAGTTTGATGGCCGTCCGACCAAGCCGCCACCGAATTCCTACAGCCTGTACTGCGCTGAATTAATGGCTAATATGAAGGATGTTCCGAGCACCGAACGCATGGTTCTGTGTAGCCAACAATGGAAACTGCTGAGCCAAAAGGAGAAAGACGCGTACCATAAAAAATGTGATCAGAAGAAAAAAGATTACGAGGTTGAATTACTGCGTTTTCTGGAATCTCTCCCGGAGGAGGAGCAGCAGCGCGTGCTGGGTGAAGAGAAAATGCTGAACATCAACAAAAAGCAGGCTACCAGCCCGGCGAGCAAGAAGCCGGCCCAAGAAGGCGGCAAGGGTGGTAGCGAGAAGCCGAAGCGTCCGGTGAGCGCGATGTTTATTTTCAGCGAGGAAAAGAGACGTCAGCTCCAGGAGGAGCGCCCGGAGCTGTCCGAAAGCGAGTTGACGCGTTTGCTGGCCCGCATGTGGAATGATCTTAGCGAGAAGAAGAAAGCAAAGTATAAAGCGCGCGAGGCAGCCCTGAAAGCGCAGTCCGAGCGCAAACCGGGTGGCGAGCGAGAGGAACGTGGTAAATTGCCGGAATCTCCGAAGCGTGCGGAAGAGATCTGGCAACAATCCGTTATTGGCGACTACCTGGCGCGTTTTAAGAATGATCGTGTGAAAGCGCTGAAAGCAATGGAAATGACCTGGAACAACATGGAAAAGAAAGAGAAGTTAATGTGGATTAAAAAGGCGGCGGAAGACCAGAAACGTTATGAGCGCGAGCTTTCTGAAATGCGTGCTCCGCCGGCCGCGACGAACAGCTCCAAGAAAATGAAATTCCAGGGTGAGCCGAAAAAGCCCCCGATGAATGGTTATCAGAAATTCAGCCAAGAGTTGTTGTCTAACGGCGAATTGAACCACTTGCCGCTGAAAGAGCGTATGGTGGAAATCGGCAGCCGTTGGCAGCGCATTTCGCAAAGCCAAAAAGAGCACTATAAGAAGCTTGCCGAAGAGCAACAAAAGCAGTACAAGGTCCACCTGGATCTGTGGGTCAAAAGCCTGTCGCCGCAGGATCGTGCTGCGTACAAAGAATATATCAGTAATAAACGTAAATCCATGACCAAATTGCGCGGTCCGAACCCGAAGTCGAGCCGTACCACCCTGCAGTCGAAAAGCGAGAGCGAAGAGGATGATGAAGAAGACGAGGACGACGAGGATGAGGACGAGGAAGAAGAGGACGACGAAAACGGTGATTCGAGCGAAGACGGCGGCGACAGCAGTGAAAGCTCTTCCGAGGACGAGTCCGAAGACGGCGACGAAAATGAAGAAGACGATGAAGACGAGGACGACGACGAGGATGACGATGAGGATGAAGACAACGAATCAGAAGGCTCTTCCTCTAGCTCCTCCTCAAGCGGTGACAGCTCTGATAGTGATTCCAACTAA
